,RMSE,MAE,MAPE,PI Width,CI Coverage,PI Overlap
mean,2049.0858419977535,1760.9489748636881,40.564141412320915,0.0,0.0,0.0
std,1557.5033980949959,1256.3897265230632,28.604656827695916,0.0,0.0,0.0
