,RMSE,MAE,MAPE,PI Width,CI Coverage,PI Overlap
mean,335.7169163810399,281.5718397352431,6.465036260319137,0.0,0.0,0.0
std,40.47630347297244,33.444013489897614,0.7485128092983108,0.0,0.0,0.0
