,RMSE,MAE,MAPE,PI Width,CI Coverage,PI Overlap
mean,23925.3854371573,16620.262677001952,375.4933367912476,0.0,0.0,0.0
std,97716.97644620361,63868.83313966185,1424.0095259646912,0.0,0.0,0.0
