,RMSE,MAE,MAPE,PI Width,CI Coverage,PI Overlap
mean,320.6545062903763,266.8794053819445,6.120007611472766,0.0,0.0,0.0
std,28.736456261416446,23.533380956203093,0.5254800318378622,0.0,0.0,0.0
