,RMSE,MAE,MAPE,PI Width,CI Coverage,PI Overlap
mean,6068.0631746018935,5373.223954253726,60.27951776107035,0.0,0.0,0.0
std,4504.014159493308,3290.5575004696025,37.06654238222185,0.0,0.0,0.0
