True,Pred
3931,1704.4839
3727,1245.0027
4285,928.14014
3934,524.1846
4100,361.7634
4112,244.23901
4296,152.8478
4371,102.7084
4252,68.281715
4529,44.22172
4560,28.307798
4645,16.88818
