True,Pred
3931,2055.4087
3727,1834.789
4285,1419.0322
3934,1021.4572
4100,766.60876
4112,566.1737
4296,418.7304
4371,310.87378
4252,229.60933
4529,170.01959
4560,125.42371
4645,91.787575
