True,Pred
3931,2527.4707
3727,1776.094
4285,1447.5085
3934,1249.1898
4100,967.809
4112,773.3171
4296,634.24457
4371,500.7134
4252,382.22107
4529,278.24713
4560,205.08623
4645,151.68884
