True,Pred
3931,1317.8732
3727,772.54865
4285,486.31097
3934,245.84848
4100,121.722786
4112,67.460625
4296,34.23254
4371,16.151777
4252,7.6697745
4529,3.437049
4560,1.3406814
4645,0.5349849
