True,Pred
3931,2127.4695
3727,1531.7312
4285,1072.267
3934,803.50745
4100,619.75745
4112,460.55542
4296,346.7481
4371,262.3183
4252,193.95999
4529,142.63795
4560,103.12052
4645,72.33125
