True,Pred
3931,1606.4683
3727,642.364
4285,558.7098
3934,167.72554
4100,142.3988
4112,64.79986
4296,37.981876
4371,25.297667
4252,14.982863
4529,8.630842
4560,4.2662783
4645,1.7495825
