True,Pred
3931,3209.1116
3727,1734.1405
4285,1006.5072
3934,546.78143
4100,318.9226
4112,180.22342
4296,109.41066
4371,74.865585
4252,54.08357
4529,36.208332
4560,23.099625
4645,14.932502
