True,Pred
3931,3074.1255
3727,2624.9717
4285,2210.8457
3934,1953.3759
4100,1678.3304
4112,1441.1034
4296,1252.2369
4371,1078.6625
4252,929.35315
4529,801.69586
4560,688.6872
4645,589.757
