True,Pred
3931,0.24113795
3727,0.24113795
4285,0.24113795
3934,0.24113795
4100,0.24113795
4112,0.24113795
4296,0.24113795
4371,0.24113795
4252,0.24113795
4529,0.24113795
4560,0.24113795
4645,0.24113795
