True,Pred
3931,0.19851157
3727,0.19851157
4285,0.19851157
3934,0.19851157
4100,0.19851157
4112,0.19851157
4296,0.19851157
4371,0.19851157
4252,0.19851157
4529,0.19851157
4560,0.19851157
4645,0.19851157
