True,Pred
3931,0.24733435
3727,0.24733435
4285,0.24733435
3934,0.24733435
4100,0.24733435
4112,0.24733435
4296,0.24733435
4371,0.24733435
4252,0.24733435
4529,0.24733435
4560,0.24733435
4645,0.24733435
