True,Pred
3931,0.24995387
3727,0.24995387
4285,0.24995387
3934,73.78594
4100,133.12273
4112,519.9891
4296,394.9576
4371,170.28703
4252,141.28745
4529,0.24995387
4560,0.24995387
4645,0.24995387
