True,Pred
3931,0.24893007
3727,0.24893007
4285,0.24893007
3934,0.24893007
4100,0.24893007
4112,0.24893007
4296,0.24893007
4371,-2960.2192
4252,0.24893007
4529,0.24893007
4560,0.24893007
4645,0.24893007
