True,Pred
3931,0.2252964
3727,0.2252964
4285,0.2252964
3934,0.2252964
4100,0.2252964
4112,0.2252964
4296,0.2252964
4371,0.2252964
4252,0.2252964
4529,0.2252964
4560,0.2252964
4645,0.2252964
