True,Pred
3931,0.24995387
3727,0.24995387
4285,945.2084
3934,0.24995387
4100,0.24995387
4112,1478.056
4296,0.24995387
4371,1569.2758
4252,1691.8236
4529,0.24995387
4560,356.31662
4645,642.6006
