True,Pred
3931.0,531.49945
3727.0,359.19342
4285.0,74.76573
3934.0,-152.3502
4100.0,-411.83835
4112.0,-748.07635
4296.0,-1061.2307
4371.0,-1411.1849
4252.0,-1538.0078
4529.0,-1669.3795
4560.0,-1790.2617
4645.0,-1905.5918
