,RMSE,MAE,MAPE,PI Width,CI Coverage,PI Overlap
mean,300.8290809246145,251.58404405381947,5.781928916856115,0.0,0.0,0.0
std,9.069360816658877,7.542976348047434,0.16753661371598316,0.0,0.0,0.0
