,RMSE,MAE,MAPE,PI_Width,CI_Coverage,PI_Overlap
mean,549.5708369875848,495.7706210666231,11.532131546386495,0.0,0.0,0.0
std,230.45043477537683,233.03010529845827,5.43109189947433,0.0,0.0,0.0
