,RMSE,MAE,MAPE,PI Width,CI Coverage,PI Overlap
mean,290.8207913288778,245.7759250217014,5.745705628927046,0.0,0.0,0.0
std,116.47636305836389,102.36758304905901,2.2829136728334656,0.0,0.0,0.0
