,RMSE,MAE,MAPE,PI Width,CI Coverage,PI Overlap
mean,2406.7942480463435,2274.0826066758896,25.238440783305922,0.0,0.0,0.0
std,26.036667329032674,25.703177862298215,0.2888805708130568,0.0,0.0,0.0
