,RMSE,MAE,MAPE,PI Width,CI Coverage,PI Overlap
mean,2629.71606542788,2497.566979641385,27.765850957750544,0.0,0.0,0.0
std,24.83650866843564,24.708179108079555,0.2789947815997842,0.0,0.0,0.0
