,RMSE,MAE,MAPE,PI Width,CI Coverage,PI Overlap
mean,3092.20711143131,2604.2465657004877,29.27285585156805,0.0,0.0,0.0
std,2475.3420284877957,1944.8616191628462,21.942110962124218,0.0,0.0,0.0
