,RMSE,MAE,MAPE,PI Width,CI Coverage,PI Overlap
mean,3667.1113604303996,3624.4095865885415,85.50731654570112,0.0,0.0,0.0
std,1572.531776443579,1594.5789109497018,37.75413315941821,0.0,0.0,0.0
