True,Pred
3931,0.2998375
3727,2098.8203
4285,0.2998375
3934,513.31494
4100,0.2998375
4112,125.64937
4296,0.2998375
4371,30.86283
4252,0.2998375
4529,7.665057
4560,0.2998375
4645,1.9503217
