True,Pred
3931,0.2971358
3727,0.2971358
4285,0.2971358
3934,0.2971358
4100,0.2971358
4112,0.2971358
4296,0.2971358
4371,0.2971358
4252,0.2971358
4529,0.2971358
4560,0.2971358
4645,0.2971358
