True,Pred
3931,0.29963237
3727,0.29963237
4285,0.29963237
3934,0.29963237
4100,0.29963237
4112,0.29963237
4296,0.29963237
4371,0.29963237
4252,0.29963237
4529,0.29963237
4560,0.29963237
4645,0.29963237
