True,Pred
3931,0.29980102
3727,0.29980102
4285,0.29980102
3934,0.29980102
4100,0.29980102
4112,0.29980102
4296,0.29980102
4371,0.29980102
4252,0.29980102
4529,0.29980102
4560,0.29980102
4645,0.29980102
