True,Pred
2822,0.2721652
2850,0.2721652
2634,0.2721652
2734,0.2721652
2810,0.2721652
2925,0.2721652
2970,0.2721652
2739,0.2721652
2718,0.2721652
3098,0.2721652
3416,0.2721652
3721,0.2721652
3608,0.2721652
3475,0.2721652
3384,0.2721652
3668,0.2721652
3624,0.2721652
3518,0.2721652
3695,0.2721652
3745,0.2721652
4044,0.2721652
4332,0.2721652
4006,0.2721652
4252,0.2721652
4056,0.2721652
4129,0.2721652
3950,0.2721652
3980,0.2721652
4000,0.2721652
4022,0.2721652
3832,0.2721652
3820,0.2721652
4017,0.2721652
4008,0.2721652
3671,0.2721652
4155,0.2721652
3922,0.2721652
4079,0.2721652
4063,0.2721652
4085,0.2721652
4061,0.2721652
3882,0.2721652
3999,0.2721652
3692,0.2721652
3976,0.2721652
