True,Pred
3931,0.2715523
3727,0.2715523
4285,0.2715523
3934,0.2715523
4100,0.2715523
4112,0.2715523
4296,0.2715523
4371,0.2715523
4252,0.2715523
4529,0.2715523
4560,0.2715523
4645,0.2715523
