True,Pred
3931,0.2998375
3727,0.2998375
4285,-96.06962
3934,0.2998375
4100,-12.9457445
4112,0.2998375
4296,-1.5809361
4371,0.2998375
4252,-0.08504367
4529,0.2998375
4560,0.2998375
4645,0.2998375
