,RMSE,MAE,MAPE,PI_Width,CI_Coverage,PI_Overlap
mean,691.3078589079107,639.4748903062607,14.866842889863618,0.0,0.0,0.0
std,520.8778744990261,530.7444468059526,12.553370349356442,0.0,0.0,0.0
