,RMSE,MAE,MAPE,PI Width,CI Coverage,PI Overlap
mean,722.1816362558553,635.2163579305013,14.8125224252298,0.0,0.0,0.0
std,547.6935786293207,480.8862545706294,11.068417336369201,0.0,0.0,0.0
