True,Pred
3931,21.171331
3727,20.960041
4285,20.906076
3934,20.637384
4100,20.625025
4112,20.621225
4296,20.619743
4371,20.619583
4252,20.619543
4529,20.619534
4560,20.619528
4645,20.619524
