True,Pred
3931,22.68924
3727,21.409758
4285,21.293358
3934,20.93912
4100,20.914907
4112,20.909607
4296,20.906492
4371,20.906132
4252,20.906038
4529,20.906002
4560,20.906004
4645,20.906002
