True,Pred
3931,18.426414
3727,17.7428
4285,17.451756
3934,17.209702
4100,17.194477
4112,17.190947
4296,17.18977
4371,17.18963
4252,17.1896
4529,17.189589
4560,17.189592
4645,17.189592
