True,Pred
3931,21.047531
3727,18.90705
4285,18.267765
3934,18.015776
4100,17.964218
4112,17.951065
4296,17.948029
4371,17.947302
4252,17.947142
4529,17.947096
4560,17.947086
4645,17.947083
