True,Pred
3931,22.676416
3727,20.314505
4285,19.769863
3934,19.539396
4100,19.493618
4112,19.48227
4296,19.479015
4371,19.47823
4252,19.478027
4529,19.477976
4560,19.477966
4645,19.477964
