,RMSE,MAE,MAPE,PI_Width,CI_Coverage,PI_Overlap
mean,655.6717190199722,604.8754136827257,14.058877138892148,0.0,0.0,0.0
std,311.9460619242431,320.20493692828455,7.484930146143815,0.0,0.0,0.0
