True,Pred
2822.0,3783.7295
2850.0000000000005,3782.105
2634.0,3782.5623
2734.0,3780.9238
2810.0,3780.8972
2925.0,3780.8848
2969.9999999999995,3780.8718
2739.0,3780.8704
2718.0000000000005,3780.8696
3097.9999999999995,3780.8696
3416.0,3780.8696
3721.0,3780.8694
3608.0,3780.8696
3475.0,3780.8696
3384.0,3780.8699
3668.0,3780.8704
3623.9999999999995,3780.8696
3518.0,3780.8699
3694.9999999999995,3780.8699
3745.0,3780.8699
4044.0,3780.8704
4332.0,3780.8694
4006.0,3780.8696
4252.0,3780.8699
4056.0,3780.8699
4129.0,3780.8694
3950.0,3780.8696
3980.0,3780.8691
4000.0,3780.8699
4021.9999999999995,3780.8699
3832.0,3780.8699
3820.0,3780.8694
4017.0,3780.8696
4008.0,3780.8696
3671.0,3780.8699
4155.0,3780.8696
3922.0,3780.8699
4079.0,3780.8704
4063.0,3780.87
4085.0,3780.8696
4061.0,3780.8694
3882.0,3780.8694
3999.0,3780.8699
3692.0,3780.8696
3976.0,3780.87
