True,Pred
2822.0,4124.517
2850.0000000000005,4125.512
2634.0,4127.6533
2734.0,4128.4937
2810.0,4128.516
2925.0,4128.5312
2969.9999999999995,4128.5366
2739.0,4128.536
2718.0000000000005,4128.5366
3097.9999999999995,4128.537
3416.0,4128.537
3721.0,4128.536
3608.0,4128.5366
3475.0,4128.537
3384.0,4128.5366
3668.0,4128.5366
3623.9999999999995,4128.537
3518.0,4128.5366
3694.9999999999995,4128.537
3745.0,4128.5366
4044.0,4128.537
4332.0,4128.537
4006.0,4128.537
4252.0,4128.5366
4056.0,4128.536
4129.0,4128.536
3950.0,4128.5366
3980.0,4128.536
4000.0,4128.536
4021.9999999999995,4128.5366
3832.0,4128.536
3820.0,4128.537
4017.0,4128.5366
4008.0,4128.537
3671.0,4128.537
4155.0,4128.5366
3922.0,4128.5366
4079.0,4128.536
4063.0,4128.536
4085.0,4128.5366
4061.0,4128.536
3882.0,4128.537
3999.0,4128.5366
3692.0,4128.537
3976.0,4128.537
