True,Pred
2822.0,4184.62
2850.0000000000005,4186.4717
2634.0,4191.7515
2734.0,4194.114
2810.0,4194.215
2925.0,4194.2974
2969.9999999999995,4194.324
2739.0,4194.3267
2718.0000000000005,4194.3276
3097.9999999999995,4194.3286
3416.0,4194.3286
3721.0,4194.328
3608.0,4194.3276
3475.0,4194.3286
3384.0,4194.3286
3668.0,4194.328
3623.9999999999995,4194.3286
3518.0,4194.3286
3694.9999999999995,4194.3286
3745.0,4194.3286
4044.0,4194.328
4332.0,4194.3276
4006.0,4194.3286
4252.0,4194.328
4056.0,4194.3286
4129.0,4194.3286
3950.0,4194.3286
3980.0,4194.328
4000.0,4194.3276
4021.9999999999995,4194.3286
3832.0,4194.328
3820.0,4194.3286
4017.0,4194.3286
4008.0,4194.3286
3671.0,4194.328
4155.0,4194.3276
3922.0,4194.3286
4079.0,4194.328
4063.0,4194.3286
4085.0,4194.3286
4061.0,4194.3286
3882.0,4194.328
3999.0,4194.3276
3692.0,4194.3286
3976.0,4194.328
