True,Pred
2822.0,3255.813
2850.0000000000005,3239.0793
2634.0,3229.237
2734.0,3211.8782
2810.0,3210.8423
2925.0,3210.198
2969.9999999999995,3209.7449
2739.0,3209.6946
2718.0000000000005,3209.6682
3097.9999999999995,3209.6555
3416.0,3209.6533
3721.0,3209.652
3608.0,3209.6516
3475.0,3209.6516
3384.0,3209.652
3668.0,3209.6519
3623.9999999999995,3209.652
3518.0,3209.6516
3694.9999999999995,3209.6516
3745.0,3209.6519
4044.0,3209.652
4332.0,3209.6519
4006.0,3209.6519
4252.0,3209.6516
4056.0,3209.6516
4129.0,3209.652
3950.0,3209.652
3980.0,3209.6519
4000.0,3209.6519
4021.9999999999995,3209.6516
3832.0,3209.6516
3820.0,3209.6519
4017.0,3209.6519
4008.0,3209.652
3671.0,3209.652
4155.0,3209.6516
3922.0,3209.6516
4079.0,3209.652
4063.0,3209.6519
4085.0,3209.6519
4061.0,3209.6519
3882.0,3209.6519
3999.0,3209.652
3692.0,3209.6519
3976.0,3209.6519
