True,Pred
2822.0,3975.8171
2850.0000000000005,3976.054
2634.0,3983.266
2734.0,3983.4634
2810.0,3983.6802
2925.0,3983.8743
2969.9999999999995,3983.8906
2739.0,3983.9019
2718.0000000000005,3983.9072
3097.9999999999995,3983.909
3416.0,3983.9094
3721.0,3983.9094
3608.0,3983.9097
3475.0,3983.9102
3384.0,3983.9102
3668.0,3983.9097
3623.9999999999995,3983.91
3518.0,3983.9094
3694.9999999999995,3983.9097
3745.0,3983.909
4044.0,3983.909
4332.0,3983.909
4006.0,3983.9094
4252.0,3983.9097
4056.0,3983.9097
4129.0,3983.91
3950.0,3983.9094
3980.0,3983.9094
4000.0,3983.9097
4021.9999999999995,3983.91
3832.0,3983.9094
3820.0,3983.9097
4017.0,3983.9097
4008.0,3983.91
3671.0,3983.9094
4155.0,3983.9094
3922.0,3983.9097
4079.0,3983.91
4063.0,3983.9094
4085.0,3983.9097
4061.0,3983.9097
3882.0,3983.91
3999.0,3983.9094
3692.0,3983.9094
3976.0,3983.9097
