True,Pred
3931,0.19948272
3727,0.19948272
4285,0.19948272
3934,0.19948272
4100,0.19948272
4112,0.19948272
4296,0.19948272
4371,0.19948272
4252,0.19948272
4529,-25.660316
4560,-2.4536746
4645,0.19948272
