True,Pred
3931,0.19877705
3727,0.19877705
4285,0.19877705
3934,0.19877705
4100,0.19877705
4112,0.19877705
4296,0.19877705
4371,0.19877705
4252,0.19877705
4529,0.19877705
4560,0.19877705
4645,0.19877705
