True,Pred
3931,0.17481308
3727,0.17481308
4285,0.17481308
3934,0.17481308
4100,0.17481308
4112,0.17481308
4296,0.17481308
4371,0.17481308
4252,0.17481308
4529,0.17481308
4560,0.17481308
4645,0.17481308
