True,Pred
3931,0.18177743
3727,0.18177743
4285,0.18177743
3934,0.18177743
4100,0.18177743
4112,0.18177743
4296,0.18177743
4371,0.18177743
4252,0.18177743
4529,0.18177743
4560,-516.1636
4645,-280.2307
