,RMSE,MAE,MAPE,PI Width,CI Coverage,PI Overlap
mean,21185.222379165087,14727.448864789245,166.51522317034383,0.0,0.0,0.0
std,59469.53779598793,36461.02113101274,414.4416238498272,0.0,0.0,0.0
