,RMSE,MAE,MAPE,PI_Width,CI_Coverage,PI_Overlap
mean,719.741499226314,667.1982055664064,15.502936153428196,0.0,0.0,0.0
std,354.5186584985839,366.26662234644385,8.703540701221739,0.0,0.0,0.0
