,RMSE,MAE,MAPE,PI Width,CI Coverage,PI Overlap
mean,393.8875423894467,332.7578491210937,7.636446740217758,0.0,0.0,0.0
std,104.55271143223096,89.90064946271933,2.0048858428882426,0.0,0.0,0.0
