True,Pred
2822.0,3627.8052
2850.0000000000005,3599.8545
2634.0,3591.9739
2734.0,3564.1455
2810.0,3559.4172
2925.0,3556.385
2969.9999999999995,3553.7866
2739.0,3553.018
2718.0000000000005,3552.5437
3097.9999999999995,3552.2622
3416.0,3552.1484
3721.0,3552.085
3608.0,3552.0508
3475.0,3552.0354
3384.0,3552.0269
3668.0,3552.0222
3623.9999999999995,3552.0205
3518.0,3552.0193
3694.9999999999995,3552.0186
3745.0,3552.0186
4044.0,3552.0183
4332.0,3552.0186
4006.0,3552.0183
4252.0,3552.0183
4056.0,3552.0183
4129.0,3552.0186
3950.0,3552.0178
3980.0,3552.0183
4000.0,3552.0183
4021.9999999999995,3552.0183
3832.0,3552.0183
3820.0,3552.0186
4017.0,3552.0186
4008.0,3552.0188
3671.0,3552.0178
4155.0,3552.0183
3922.0,3552.0183
4079.0,3552.0183
4063.0,3552.0186
4085.0,3552.0183
4061.0,3552.0183
3882.0,3552.0186
3999.0,3552.0186
3692.0,3552.0186
3976.0,3552.0183
