True,Pred
2822.0,3258.17
2850.0000000000005,3200.233
2634.0,3162.223
2734.0,3108.5457
2810.0,3097.2375
2925.0,3089.7283
2969.9999999999995,3084.5732
2739.0,3082.8032
2718.0000000000005,3081.757
3097.9999999999995,3081.1829
3416.0,3080.9343
3721.0,3080.799
3608.0,3080.73
3475.0,3080.6968
3384.0,3080.68
3668.0,3080.6711
3623.9999999999995,3080.6663
3518.0,3080.6648
3694.9999999999995,3080.663
3745.0,3080.6628
4044.0,3080.662
4332.0,3080.6626
4006.0,3080.6616
4252.0,3080.6626
4056.0,3080.6619
4129.0,3080.6619
3950.0,3080.662
3980.0,3080.662
4000.0,3080.6628
4021.9999999999995,3080.6619
3832.0,3080.6626
3820.0,3080.6626
4017.0,3080.6626
4008.0,3080.6616
3671.0,3080.662
4155.0,3080.6619
3922.0,3080.6616
4079.0,3080.6616
4063.0,3080.6619
4085.0,3080.6614
4061.0,3080.6619
3882.0,3080.6619
3999.0,3080.6614
3692.0,3080.662
3976.0,3080.6626
