True,Pred
2822.0,3517.0713
2850.0000000000005,3499.5134
2634.0,3490.7576
2734.0,3472.817
2810.0,3471.1057
2925.0,3469.9863
2969.9999999999995,3469.219
2739.0,3469.0808
2718.0000000000005,3469.0034
3097.9999999999995,3468.9663
3416.0,3468.9568
3721.0,3468.9524
3608.0,3468.95
3475.0,3468.9495
3384.0,3468.9495
3668.0,3468.9492
3623.9999999999995,3468.9492
3518.0,3468.949
3694.9999999999995,3468.949
3745.0,3468.949
4044.0,3468.949
4332.0,3468.9492
4006.0,3468.949
4252.0,3468.949
4056.0,3468.9492
4129.0,3468.9492
3950.0,3468.949
3980.0,3468.9485
4000.0,3468.9485
4021.9999999999995,3468.949
3832.0,3468.949
3820.0,3468.949
4017.0,3468.949
4008.0,3468.949
3671.0,3468.9492
4155.0,3468.949
3922.0,3468.949
4079.0,3468.9492
4063.0,3468.9492
4085.0,3468.949
4061.0,3468.9485
3882.0,3468.9485
3999.0,3468.949
3692.0,3468.949
3976.0,3468.949
