True,Pred
2822.0,3562.7363
2850.0000000000005,3538.7754
2634.0,3527.4072
2734.0,3499.66
2810.0,3495.6807
2925.0,3492.8323
2969.9999999999995,3490.668
2739.0,3490.092
2718.0000000000005,3489.7317
3097.9999999999995,3489.5361
3416.0,3489.4634
3721.0,3489.4229
3608.0,3489.4036
3475.0,3489.3948
3384.0,3489.3909
3668.0,3489.389
3623.9999999999995,3489.3877
3518.0,3489.3875
3694.9999999999995,3489.3872
3745.0,3489.3865
4044.0,3489.3865
4332.0,3489.3865
4006.0,3489.3865
4252.0,3489.3865
4056.0,3489.3865
4129.0,3489.3862
3950.0,3489.3862
3980.0,3489.3865
4000.0,3489.3865
4021.9999999999995,3489.3867
3832.0,3489.3862
3820.0,3489.3865
4017.0,3489.3862
4008.0,3489.3862
3671.0,3489.3862
4155.0,3489.3862
3922.0,3489.3865
4079.0,3489.3862
4063.0,3489.3865
4085.0,3489.3862
4061.0,3489.3862
3882.0,3489.3862
3999.0,3489.3865
3692.0,3489.3862
3976.0,3489.3865
