True,Pred
2822.0,3459.441
2850.0000000000005,3450.9663
2634.0,3433.8323
2734.0,3422.1084
2810.0,3420.842
2925.0,3419.9236
2969.9999999999995,3419.5813
2739.0,3419.504
2718.0000000000005,3419.4663
3097.9999999999995,3419.4546
3416.0,3419.4514
3721.0,3419.4492
3608.0,3419.4495
3475.0,3419.4495
3384.0,3419.4495
3668.0,3419.449
3623.9999999999995,3419.4495
3518.0,3419.4495
3694.9999999999995,3419.449
3745.0,3419.4497
4044.0,3419.4497
4332.0,3419.4492
4006.0,3419.4497
4252.0,3419.449
4056.0,3419.4495
4129.0,3419.4495
3950.0,3419.449
3980.0,3419.4497
4000.0,3419.4492
4021.9999999999995,3419.4492
3832.0,3419.45
3820.0,3419.4492
4017.0,3419.45
4008.0,3419.4495
3671.0,3419.4495
4155.0,3419.4495
3922.0,3419.449
4079.0,3419.4497
4063.0,3419.4492
4085.0,3419.4495
4061.0,3419.4492
3882.0,3419.4497
3999.0,3419.4495
3692.0,3419.4497
3976.0,3419.449
