,RMSE,MAE,MAPE,PI_Width,CI_Coverage,PI_Overlap
mean,601.2342011162166,543.9273681640625,12.570017931698592,0.0,0.0,0.0
std,142.33906582906317,145.30494177835126,3.41864796561085,0.0,0.0,0.0
