True,Pred
3931.0,3.5673018
3727.0,-50.732956
4285.0,-48.83326
3934.0,-41.807446
4100.0,-41.765743
4112.0,-41.9097
4296.0,-41.927692
4371.0,-41.92512
4252.0,-41.924835
4529.0,-41.922836
4560.0,-41.92341
4645.0,-41.923695
