,RMSE,MAE,MAPE,PI Width,CI Coverage,PI Overlap
mean,1616.2383120380941,1590.9221137152779,37.367913453864816,0.0,0.0,0.0
std,33.2272780043341,49.58935669782083,1.1884207512372276,0.0,0.0,0.0
