,RMSE,MAE,MAPE,PI_Width,CI_Coverage,PI_Overlap
mean,698.5142811720905,648.1194953070748,15.107441300468135,0.0,0.0,0.0
std,289.0221043877761,298.78614960565716,6.994571722520929,0.0,0.0,0.0
