,RMSE,MAE,MAPE,PI Width,CI Coverage,PI Overlap
mean,67543.06542725097,39667.546714029726,452.913686659383,0.0,0.0,0.0
std,271829.8310845451,145650.40748359056,1672.9890641235497,0.0,0.0,0.0
