,RMSE,MAE,MAPE,PI Width,CI Coverage,PI Overlap
mean,2889.9107767168075,2756.0414693196612,30.685670478529126,0.0,0.0,0.0
std,64.55644152957012,64.44806001385588,0.7297804746372771,0.0,0.0,0.0
