,RMSE,MAE,MAPE,PI_Width,CI_Coverage,PI_Overlap
mean,666.7064724331257,614.8203152126734,14.280083294459594,0.0,0.0,0.0
std,304.18368533583094,313.1051811798588,7.347564486497966,0.0,0.0,0.0
