,RMSE,MAE,MAPE,PI Width,CI Coverage,PI Overlap
mean,9835.92117127306,7874.776663890481,88.58152305811782,0.0,0.0,0.0
std,13096.164068354225,9037.750851401694,102.02775468782264,0.0,0.0,0.0
