,RMSE,MAE,MAPE,PI_Width,CI_Coverage,PI_Overlap
mean,1096.6704521126978,1053.849043697781,24.802259087984535,0.0,0.0,0.0
std,999.4551776967244,1016.9442477627248,24.244990288411817,0.0,0.0,0.0
