,RMSE,MAE,MAPE,PI Width,CI Coverage,PI Overlap
mean,268.8424283916402,224.6718541463216,5.17808459034352,0.0,0.0,0.0
std,95.64984956381343,83.05450816274433,1.8831307882884194,0.0,0.0,0.0
