,RMSE,MAE,MAPE,PI Width,CI Coverage,PI Overlap
mean,356.1429482821799,296.40838894314237,6.78296786217599,0.0,0.0,0.0
std,26.78386085462565,22.74600758799894,0.5114709610779088,0.0,0.0,0.0
