,RMSE,MAE,MAPE,PI Width,CI Coverage,PI Overlap
mean,662.0005912391464,528.8538131713867,12.244871978264145,0.0,0.0,0.0
std,543.9889006607488,404.66937375979796,9.213359287379086,0.0,0.0,0.0
