,RMSE,MAE,MAPE,PI Width,CI Coverage,PI Overlap
mean,274.0652108069987,228.23414764404296,5.22309472498834,0.0,0.0,0.0
std,8.477082524547308,6.51024041382669,0.1448019171103401,0.0,0.0,0.0
