,RMSE,MAE,MAPE,PI_Width,CI_Coverage,PI_Overlap
mean,604.133835092022,549.8627346462673,12.787005239029865,0.0,0.0,0.0
std,312.2103026527491,319.60664018569975,7.484047082787151,0.0,0.0,0.0
