,RMSE,MAE,MAPE,PI Width,CI Coverage,PI Overlap
mean,307.0165493579274,254.78116387261284,5.847159010669995,0.0,0.0,0.0
std,48.53584300185821,42.48283817538464,0.9570277828739988,0.0,0.0,0.0
