,RMSE,MAE,MAPE,PI Width,CI Coverage,PI Overlap
mean,367.0279408456345,306.4488118489583,7.010146117955738,0.0,0.0,0.0
std,50.66385146135967,43.274830427948636,0.974022952614396,0.0,0.0,0.0
