,RMSE,MAE,MAPE,PI Width,CI Coverage,PI Overlap
mean,17613.414764494883,12742.67292829305,143.83587765769053,0.0,0.0,0.0
std,49802.0391355625,30737.14671201548,349.20492329412883,0.0,0.0,0.0
