,RMSE,MAE,MAPE,PI Width,CI Coverage,PI Overlap
mean,418.8234351602708,352.02843492296,8.042765980544782,0.0,0.0,0.0
std,4.336465029475912,4.230827121054241,0.09726023572707171,0.0,0.0,0.0
