,RMSE,MAE,MAPE,PI Width,CI Coverage,PI Overlap
mean,1596.6323889363973,1571.565140109592,36.902818585350396,0.0,0.0,0.0
std,148.24159790301235,163.9599801773308,3.9287101604002097,0.0,0.0,0.0
