,RMSE,MAE,MAPE,PI Width,CI Coverage,PI Overlap
mean,308.63792121665034,258.2077338324653,5.95076605959313,0.0,0.0,0.0
std,2.816485124904946,2.4574610426455368,0.054026349095021554,0.0,0.0,0.0
