,RMSE,MAE,MAPE,PI Width,CI Coverage,PI Overlap
mean,439.89864505207095,371.96927015516496,8.495428550279131,0.0,0.0,0.0
std,22.416214949558515,20.851618784286753,0.4785031514484239,0.0,0.0,0.0
