,RMSE,MAE,MAPE,PI_Width,CI_Coverage,PI_Overlap
mean,694.1924182280533,643.9743876139322,15.01417068738548,0.0,0.0,0.0
std,306.1862799413285,316.88613532717335,7.5082130968341865,0.0,0.0,0.0
