True,Pred
3931,3435.013
3727,3034.02
4285,2961.056
3934,2112.639
4100,871.5369
4112,556.60913
4296,0.016106557
4371,0.016106557
4252,0.016106557
4529,0.016106557
4560,0.016106557
4645,0.016106557
