True,Pred
3931,0.15005052
3727,4656.325
4285,0.15005052
3934,0.15005052
4100,6986.952
4112,0.15005052
4296,0.15005052
4371,14528.165
4252,0.15005052
4529,0.15005052
4560,35106.305
4645,0.15005052
