True,Pred
3931,0.14503162
3727,0.14503162
4285,0.14503162
3934,0.14503162
4100,0.14503162
4112,0.14503162
4296,0.14503162
4371,-2780.3088
4252,-6168.777
4529,0.14503162
4560,0.14503162
4645,0.14503162
