True,Pred
3931,0.14958535
3727,0.14958535
4285,0.14958535
3934,0.14958535
4100,0.14958535
4112,0.14958535
4296,0.14958535
4371,0.14958535
4252,0.14958535
4529,0.14958535
4560,0.14958535
4645,0.14958535
