True,Pred
3931,0.1500229
3727,0.1500229
4285,0.1500229
3934,0.1500229
4100,0.1500229
4112,0.1500229
4296,0.1500229
4371,0.1500229
4252,0.1500229
4529,0.1500229
4560,0.1500229
4645,0.1500229
