,RMSE,MAE,MAPE,PI Width,CI Coverage,PI Overlap
mean,448.79834766438955,381.1690375434028,8.712953700385505,0.0,0.0,0.0
std,6.282695308604529,5.891899277532452,0.13527114147273353,0.0,0.0,0.0
