True,Pred
3931,1338.1553
3727,997.0566
4285,-25.175127
3934,-124.24217
4100,50.081184
4112,-1.027441
4296,-0.7554585
4371,0.56358284
4252,0.20365953
4529,0.20484683
4560,0.21108158
4645,0.2039617
