,RMSE,MAE,MAPE,PI Width,CI Coverage,PI Overlap
mean,3658.0555541011136,2616.153787782705,29.63977628964945,0.0,0.0,0.0
std,0.0,4.625213730065368e-13,7.226896453227138e-15,0.0,0.0,0.0
