,RMSE,MAE,MAPE,PI Width,CI Coverage,PI Overlap
mean,269.4389026927394,229.91714138454861,5.375957318739438,0.0,0.0,0.0
std,60.05820744102239,63.34023721803657,1.5218586327130954,0.0,0.0,0.0
