,RMSE,MAE,MAPE,PI_Width,CI_Coverage,PI_Overlap
mean,519.1220413515362,457.7705885145399,10.526371384274864,0.0,0.0,0.0
std,189.51827103705907,197.0622595511662,4.641787461854413,0.0,0.0,0.0
