,RMSE,MAE,MAPE,PI Width,CI Coverage,PI Overlap
mean,238.6414195148007,199.76156870524088,4.683454265484545,0.0,0.0,0.0
std,51.714546344765616,46.671402486649924,1.0182103366189055,0.0,0.0,0.0
