,RMSE,MAE,MAPE,PI Width,CI Coverage,PI Overlap
mean,367.6177522598153,306.1299133300782,6.994962558382596,0.0,0.0,0.0
std,14.236205543916508,12.35434778978337,0.2800866822198273,0.0,0.0,0.0
