,RMSE,MAE,MAPE,PI Width,CI Coverage,PI Overlap
mean,261.47203796429346,215.65350596110025,4.966442831018793,0.0,0.0,0.0
std,86.37535588832759,75.87486851896398,1.7159651322507667,0.0,0.0,0.0
