,RMSE,MAE,MAPE,PI Width,CI Coverage,PI Overlap
mean,1609.3869032468322,1583.2691955566409,37.200628415120946,0.0,0.0,0.0
std,77.36177136159299,98.79182270672976,2.2722490972432547,0.0,0.0,0.0
