,RMSE,MAE,MAPE,PI Width,CI Coverage,PI Overlap
mean,43191.88582502078,26458.021650901108,301.51062131347027,0.0,0.0,0.0
std,191486.41420773006,105950.91775865767,1213.7204764272399,0.0,0.0,0.0
