True,Pred
3931,863.68695
3727,-89.282166
4285,19.447247
3934,-29.450663
4100,1.525454
4112,0.47676247
4296,0.7872193
4371,0.37251323
4252,0.3590876
4529,0.3569831
4560,0.3530896
4645,0.3528903
