,RMSE,MAE,MAPE,PI Width,CI Coverage,PI Overlap
mean,2750.8590497525424,2616.5812652587892,29.10559670298451,0.0,0.0,0.0
std,67.7469109901631,66.77661086561307,0.7525291799327919,0.0,0.0,0.0
