,RMSE,MAE,MAPE,PI Width,CI Coverage,PI Overlap
mean,407.4278393432245,341.85206400553386,7.805203426200049,0.0,0.0,0.0
std,12.574904837304189,11.798929917721393,0.270934025637179,0.0,0.0,0.0
