,RMSE,MAE,MAPE,PI Width,CI Coverage,PI Overlap
mean,420.6571453992772,355.10651516384536,8.12186981748674,0.0,0.0,0.0
std,76.68277802802648,65.26995738047168,1.460874471319974,0.0,0.0,0.0
