,RMSE,MAE,MAPE,PI Width,CI Coverage,PI Overlap
mean,488.59903999275764,447.461840057373,10.585553146353933,0.0,0.0,0.0
std,968.1329042571684,960.3925419422504,22.61801293760747,0.0,0.0,0.0
