,RMSE,MAE,MAPE,PI Width,CI Coverage,PI Overlap
mean,309.3527583620942,259.64999932183156,5.971262289851795,0.0,0.0,0.0
std,11.243167909851497,9.44378177811988,0.21089957412377217,0.0,0.0,0.0
