,RMSE,MAE,MAPE,PI Width,CI Coverage,PI Overlap
mean,3448.555917028914,3383.915073140462,79.88704899423162,0.0,0.0,0.0
std,1664.59124158607,1684.0913993383356,39.97870995659829,0.0,0.0,0.0
