True,Pred
3931,0.29994476
3727,0.29994476
4285,0.29994476
3934,769.81976
4100,970.2743
4112,0.29994476
4296,0.29994476
4371,0.29994476
4252,0.29994476
4529,795.9107
4560,414.85294
4645,0.29994476
