True,Pred
3931,0.29978102
3727,0.29978102
4285,0.29978102
3934,0.29978102
4100,0.29978102
4112,-1631.5189
4296,-1508.252
4371,-2936.2048
4252,-2153.3901
4529,-1249.0453
4560,-2058.095
4645,0.29978102
