True,Pred
3931,0.29992095
3727,0.29992095
4285,0.29992095
3934,0.29992095
4100,0.29992095
4112,0.29992095
4296,0.29992095
4371,0.29992095
4252,0.29992095
4529,0.29992095
4560,0.29992095
4645,0.29992095
