,RMSE,MAE,MAPE,PI_Width,CI_Coverage,PI_Overlap
mean,787.3039504425246,740.4775743272568,17.37968712691601,0.0,0.0,0.0
std,513.9338649027427,527.0471364834333,12.43369759490678,0.0,0.0,0.0
