,RMSE,MAE,MAPE,PI Width,CI Coverage,PI Overlap
mean,261.0868144217787,219.57637871636283,5.116480741793521,0.0,0.0,0.0
std,20.277096196984708,15.050642657777791,0.3173385294884126,0.0,0.0,0.0
