,RMSE,MAE,MAPE,PI Width,CI Coverage,PI Overlap
mean,467.0619447691298,377.2428573608398,8.725465079642138,0.0,0.0,0.0
std,451.8666412919132,348.9474739189048,7.888335474895903,0.0,0.0,0.0
