,RMSE,MAE,MAPE,PI Width,CI Coverage,PI Overlap
mean,393.0160783817447,329.3683071560329,7.532315310300823,0.0,0.0,0.0
std,56.07712461110425,47.264376690716134,1.0505449056299108,0.0,0.0,0.0
