,RMSE,MAE,MAPE,PI_Width,CI_Coverage,PI_Overlap
mean,639.788071311952,583.3968912760415,13.468599016507314,0.0,0.0,0.0
std,168.19385711199772,176.20399697373873,4.150185334582747,0.0,0.0,0.0
