,RMSE,MAE,MAPE,PI_Width,CI_Coverage,PI_Overlap
mean,979.2897624737615,919.5793145073784,21.474520888330574,0.0,0.0,0.0
std,2233.7367309535184,2244.5701676247168,53.289916360918646,0.0,0.0,0.0
