,RMSE,MAE,MAPE,PI_Width,CI_Coverage,PI_Overlap
mean,543.1679807502243,480.62721964518227,11.051025432617951,0.0,0.0,0.0
std,157.07230382475078,156.65941048410463,3.642514287735849,0.0,0.0,0.0
