,RMSE,MAE,MAPE,PI Width,CI Coverage,PI Overlap
mean,2418.344626181361,2193.8786923726398,24.507595538926573,0.0,0.0,0.0
std,1337.8494181788046,1263.565365498298,14.127765094544547,0.0,0.0,0.0
