,RMSE,MAE,MAPE,PI_Width,CI_Coverage,PI_Overlap
mean,1127.9644864727786,1086.718481763204,25.61332731232136,0.0,0.0,0.0
std,980.0280228468731,996.2457173105902,23.656479043176954,0.0,0.0,0.0
