True,Pred
3931.0,-968.0402
3727.0,-847.7602
4285.0,-733.34753
3934.0,-581.9646
4100.0,-468.0026
4112.0,-315.61084
4296.0,-208.10458
4371.0,-116.02665
4252.0,-140.5653
4529.0,-161.73215
4560.0,-179.28069
4645.0,-190.39694
