,RMSE,MAE,MAPE,PI Width,CI Coverage,PI Overlap
mean,275.580214497507,231.2430324978299,5.388165419005391,0.0,0.0,0.0
std,67.81277701528677,55.63423131631553,1.203610612386824,0.0,0.0,0.0
