,RMSE,MAE,MAPE,PI Width,CI Coverage,PI Overlap
mean,919.8757943464019,784.0718134562175,18.033456477047718,0.0,0.0,0.0
std,1228.5794060941773,980.3170156415601,22.296153999797344,0.0,0.0,0.0
