,RMSE,MAE,MAPE,PI Width,CI Coverage,PI Overlap
mean,382.98697048309606,319.5349656846787,7.299791088823611,0.0,0.0,0.0
std,12.872593472835106,11.651472597887748,0.26578131022723406,0.0,0.0,0.0
