True,Pred
3931,0.49925324
3727,0.49925324
4285,0.49925324
3934,0.49925324
4100,0.49925324
4112,0.49925324
4296,0.49925324
4371,0.49925324
4252,0.49925324
4529,0.49925324
4560,0.49925324
4645,0.49925324
