True,Pred
3931,0.49846214
3727,0.49846214
4285,0.49846214
3934,0.49846214
4100,0.49846214
4112,-442.98267
4296,-1367.127
4371,-1692.1223
4252,-1745.5775
4529,-690.8711
4560,-223.76176
4645,0.49846214
