True,Pred
3931,0.49951074
3727,0.49951074
4285,0.49951074
3934,0.49951074
4100,0.49951074
4112,0.49951074
4296,0.49951074
4371,0.49951074
4252,0.49951074
4529,0.49951074
4560,0.49951074
4645,0.49951074
