True,Pred
3931,0.39721006
3727,0.39721006
4285,0.39721006
3934,0.39721006
4100,0.39721006
4112,0.39721006
4296,0.39721006
4371,3763.894
4252,0.39721006
4529,0.39721006
4560,2316.8303
4645,0.39721006
