True,Pred
3931,0.4982925
3727,0.4982925
4285,0.4982925
3934,-179.50798
4100,-1119.2593
4112,-1058.7985
4296,-440.85385
4371,0.4982925
4252,0.4982925
4529,0.4982925
4560,0.4982925
4645,-11.927715
