True,Pred
3931,0.46884188
3727,0.46884188
4285,0.46884188
3934,0.46884188
4100,0.46884188
4112,0.46884188
4296,0.46884188
4371,0.46884188
4252,0.46884188
4529,0.46884188
4560,0.46884188
4645,0.46884188
