,RMSE,MAE,MAPE,PI Width,CI Coverage,PI Overlap
mean,275.5453284248403,228.22207505967882,5.5578557588686675,0.0,0.0,0.0
std,52.39775124592016,45.24298285972502,1.1499822827382902,0.0,0.0,0.0
