,RMSE,MAE,MAPE,PI_Width,CI_Coverage,PI_Overlap
mean,631.6209754884082,576.648405626085,13.377621818153813,0.0,0.0,0.0
std,328.4754736001677,339.2964334324176,7.976236460852752,0.0,0.0,0.0
