,RMSE,MAE,MAPE,PI Width,CI Coverage,PI Overlap
mean,353.75210792627365,297.10113593207467,6.845732531481718,0.0,0.0,0.0
std,70.3993833629495,59.79546478435127,1.3083375125183503,0.0,0.0,0.0
