True,Pred
3931,0.19373871
3727,0.19373871
4285,0.19373871
3934,0.19373871
4100,0.19373871
4112,0.19373871
4296,0.19373871
4371,0.19373871
4252,0.19373871
4529,0.19373871
4560,0.19373871
4645,0.19373871
