True,Pred
3931,0.19974735
3727,0.19974735
4285,0.19974735
3934,0.19974735
4100,0.19974735
4112,0.19974735
4296,377.02786
4371,1448.7018
4252,244.76779
4529,0.19974735
4560,0.19974735
4645,0.19974735
