True,Pred
3931,0.10000731
3727,0.10000731
4285,0.10000731
3934,-1165.9622
4100,-1670.2688
4112,-908.3195
4296,-738.7306
4371,-728.2714
4252,-25.643742
4529,0.10000731
4560,0.10000731
4645,0.10000731
