True,Pred
3931,0.10000731
3727,2771.3909
4285,211.52975
3934,2799.5583
4100,0.10000731
4112,0.10000731
4296,2338.5552
4371,0.10000731
4252,2016.9878
4529,0.10000731
4560,0.10000731
4645,2070.1428
