,RMSE,MAE,MAPE,PI_Width,CI_Coverage,PI_Overlap
mean,546.489014795858,488.2407246907552,11.251780298776367,0.0,0.0,0.0
std,175.36911676031193,179.04803557971746,4.179189160720523,0.0,0.0,0.0
