,RMSE,MAE,MAPE,PI Width,CI Coverage,PI Overlap
mean,463.0634083235829,367.8596753438314,8.484700367896696,0.0,0.0,0.0
std,503.91143370295714,346.06854586114923,7.7365801444774265,0.0,0.0,0.0
