True,Pred
2822.0,2741.7437
2850.0000000000005,2740.2124
2634.0,2747.972
2734.0,2764.6816
2810.0,2764.6602
2925.0,2764.3813
2969.9999999999995,2764.1543
2739.0,2764.1572
2718.0000000000005,2764.1624
3097.9999999999995,2764.1655
3416.0,2764.1658
3721.0,2764.1653
3608.0,2764.166
3475.0,2764.1667
3384.0,2764.1663
3668.0,2764.1655
3623.9999999999995,2764.1667
3518.0,2764.166
3694.9999999999995,2764.166
3745.0,2764.1663
4044.0,2764.1663
4332.0,2764.166
4006.0,2764.1667
4252.0,2764.1655
4056.0,2764.1663
4129.0,2764.1653
3950.0,2764.165
3980.0,2764.1653
4000.0,2764.1658
4021.9999999999995,2764.166
3832.0,2764.166
3820.0,2764.1663
4017.0,2764.1658
4008.0,2764.1658
3671.0,2764.1663
4155.0,2764.1658
3922.0,2764.166
4079.0,2764.1663
4063.0,2764.1655
4085.0,2764.166
4061.0,2764.1658
3882.0,2764.1655
3999.0,2764.166
3692.0,2764.1663
3976.0,2764.166
