True,Pred
2822.0,3606.427
2850.0000000000005,3604.935
2634.0,3604.4702
2734.0,3600.5078
2810.0,3600.4766
2925.0,3600.4336
2969.9999999999995,3600.3909
2739.0,3600.3906
2718.0000000000005,3600.39
3097.9999999999995,3600.3894
3416.0,3600.39
3721.0,3600.3894
3608.0,3600.3894
3475.0,3600.3892
3384.0,3600.3892
3668.0,3600.389
3623.9999999999995,3600.3894
3518.0,3600.39
3694.9999999999995,3600.3894
3745.0,3600.3896
4044.0,3600.3894
4332.0,3600.3894
4006.0,3600.3892
4252.0,3600.389
4056.0,3600.3892
4129.0,3600.3894
3950.0,3600.3894
3980.0,3600.3894
4000.0,3600.3892
4021.9999999999995,3600.3896
3832.0,3600.3904
3820.0,3600.3892
4017.0,3600.3896
4008.0,3600.3896
3671.0,3600.3894
4155.0,3600.3894
3922.0,3600.389
4079.0,3600.3892
4063.0,3600.3894
4085.0,3600.389
4061.0,3600.39
3882.0,3600.3904
3999.0,3600.3892
3692.0,3600.3894
3976.0,3600.3892
