True,Pred
2822.0,3336.3179
2850.0000000000005,3326.2236
2634.0,3318.641
2734.0,3310.7292
2810.0,3310.3594
2925.0,3310.1335
2969.9999999999995,3310.0454
2739.0,3310.0366
2718.0000000000005,3310.0322
3097.9999999999995,3310.0315
3416.0,3310.0305
3721.0,3310.0305
3608.0,3310.0317
3475.0,3310.0303
3384.0,3310.03
3668.0,3310.0305
3623.9999999999995,3310.031
3518.0,3310.0317
3694.9999999999995,3310.0317
3745.0,3310.0312
4044.0,3310.0303
4332.0,3310.0312
4006.0,3310.0312
4252.0,3310.031
4056.0,3310.0312
4129.0,3310.0315
3950.0,3310.0305
3980.0,3310.0312
4000.0,3310.0305
4021.9999999999995,3310.0312
3832.0,3310.0312
3820.0,3310.0312
4017.0,3310.031
4008.0,3310.0312
3671.0,3310.031
4155.0,3310.0305
3922.0,3310.031
4079.0,3310.0312
4063.0,3310.0312
4085.0,3310.0305
4061.0,3310.0312
3882.0,3310.0305
3999.0,3310.0312
3692.0,3310.0315
3976.0,3310.031
