True,Pred
2822.0,3573.0627
2850.0000000000005,3563.0276
2634.0,3558.9207
2734.0,3547.9333
2810.0,3547.302
2925.0,3546.8726
2969.9999999999995,3546.5789
2739.0,3546.544
2718.0000000000005,3546.5227
3097.9999999999995,3546.5156
3416.0,3546.5137
3721.0,3546.513
3608.0,3546.513
3475.0,3546.5122
3384.0,3546.5122
3668.0,3546.5122
3623.9999999999995,3546.5127
3518.0,3546.512
3694.9999999999995,3546.512
3745.0,3546.5125
4044.0,3546.5122
4332.0,3546.5122
4006.0,3546.5127
4252.0,3546.5125
4056.0,3546.5122
4129.0,3546.5125
3950.0,3546.5125
3980.0,3546.5122
4000.0,3546.5125
4021.9999999999995,3546.5125
3832.0,3546.5122
3820.0,3546.5125
4017.0,3546.5125
4008.0,3546.5122
3671.0,3546.5125
4155.0,3546.5125
3922.0,3546.5122
4079.0,3546.5125
4063.0,3546.5125
4085.0,3546.5122
4061.0,3546.5125
3882.0,3546.5125
3999.0,3546.5122
3692.0,3546.5125
3976.0,3546.5125
