True,Pred
2822.0,3799.0627
2850.0000000000005,3794.695
2634.0,3796.5361
2734.0,3793.3855
2810.0,3793.2705
2925.0,3793.2458
2969.9999999999995,3793.1877
2739.0,3793.1838
2718.0000000000005,3793.1821
3097.9999999999995,3793.1812
3416.0,3793.181
3721.0,3793.1814
3608.0,3793.1812
3475.0,3793.181
3384.0,3793.1814
3668.0,3793.1812
3623.9999999999995,3793.181
3518.0,3793.1814
3694.9999999999995,3793.1812
3745.0,3793.181
4044.0,3793.1814
4332.0,3793.1812
4006.0,3793.181
4252.0,3793.1814
4056.0,3793.1812
4129.0,3793.181
3950.0,3793.1814
3980.0,3793.1812
4000.0,3793.181
4021.9999999999995,3793.1814
3832.0,3793.1812
3820.0,3793.181
4017.0,3793.1814
4008.0,3793.1812
3671.0,3793.181
4155.0,3793.1814
3922.0,3793.1812
4079.0,3793.181
4063.0,3793.1814
4085.0,3793.1812
4061.0,3793.181
3882.0,3793.1814
3999.0,3793.1812
3692.0,3793.181
3976.0,3793.1814
