True,Pred
2822.0,3102.0283
2850.0000000000005,3097.7532
2634.0,3091.0864
2734.0,3082.9744
2810.0,3082.8198
2925.0,3082.665
2969.9999999999995,3082.5737
2739.0,3082.5703
2718.0000000000005,3082.5679
3097.9999999999995,3082.5667
3416.0,3082.5664
3721.0,3082.5662
3608.0,3082.5664
3475.0,3082.5671
3384.0,3082.5664
3668.0,3082.5662
3623.9999999999995,3082.566
3518.0,3082.5664
3694.9999999999995,3082.5674
3745.0,3082.5667
4044.0,3082.5664
4332.0,3082.5671
4006.0,3082.5664
4252.0,3082.5664
4056.0,3082.566
4129.0,3082.566
3950.0,3082.5657
3980.0,3082.5671
4000.0,3082.5664
4021.9999999999995,3082.5664
3832.0,3082.5662
3820.0,3082.5664
4017.0,3082.5667
4008.0,3082.5667
3671.0,3082.5662
4155.0,3082.5664
3922.0,3082.566
4079.0,3082.5664
4063.0,3082.5671
4085.0,3082.5664
4061.0,3082.5667
3882.0,3082.5662
3999.0,3082.5671
3692.0,3082.5662
3976.0,3082.5667
