True,Pred
2822.0,3483.3809
2850.0000000000005,3478.9768
2634.0,3477.7837
2734.0,3476.2534
2810.0,3476.219
2925.0,3476.2075
2969.9999999999995,3476.203
2739.0,3476.2026
2718.0000000000005,3476.203
3097.9999999999995,3476.2026
3416.0,3476.203
3721.0,3476.2026
3608.0,3476.203
3475.0,3476.2031
3384.0,3476.2031
3668.0,3476.2036
3623.9999999999995,3476.2026
3518.0,3476.2031
3694.9999999999995,3476.2031
3745.0,3476.2026
4044.0,3476.2026
4332.0,3476.203
4006.0,3476.2024
4252.0,3476.2026
4056.0,3476.2026
4129.0,3476.203
3950.0,3476.2021
3980.0,3476.203
4000.0,3476.203
4021.9999999999995,3476.2026
3832.0,3476.203
3820.0,3476.2026
4017.0,3476.203
4008.0,3476.2026
3671.0,3476.203
4155.0,3476.2031
3922.0,3476.2031
4079.0,3476.2036
4063.0,3476.2026
4085.0,3476.2031
4061.0,3476.2031
3882.0,3476.2026
3999.0,3476.2026
3692.0,3476.203
3976.0,3476.2024
