True,Pred
2822.0,3491.2373
2850.0000000000005,3482.192
2634.0,3479.6458
2734.0,3470.9553
2810.0,3470.6125
2925.0,3470.4304
2969.9999999999995,3470.2686
2739.0,3470.2578
2718.0000000000005,3470.2524
3097.9999999999995,3470.249
3416.0,3470.2483
3721.0,3470.2488
3608.0,3470.2485
3475.0,3470.249
3384.0,3470.2485
3668.0,3470.2493
3623.9999999999995,3470.2493
3518.0,3470.2485
3694.9999999999995,3470.2488
3745.0,3470.249
4044.0,3470.2488
4332.0,3470.2488
4006.0,3470.2485
4252.0,3470.2483
4056.0,3470.2485
4129.0,3470.2483
3950.0,3470.2478
3980.0,3470.2485
4000.0,3470.2488
4021.9999999999995,3470.2485
3832.0,3470.2488
3820.0,3470.2488
4017.0,3470.2488
4008.0,3470.2488
3671.0,3470.2485
4155.0,3470.2483
3922.0,3470.2485
4079.0,3470.2485
4063.0,3470.2485
4085.0,3470.2485
4061.0,3470.2488
3882.0,3470.249
3999.0,3470.2488
3692.0,3470.2478
3976.0,3470.2488
