,RMSE,MAE,MAPE,PI Width,CI Coverage,PI Overlap
mean,2192.564991135028,1955.3953477170735,21.835666108220835,0.0,0.0,0.0
std,1058.0542383989425,919.7694619968927,10.329616428301023,0.0,0.0,0.0
