True,Pred
3931,0.2999702
3727,0.2999702
4285,0.2999702
3934,0.2999702
4100,0.2999702
4112,0.2999702
4296,0.2999702
4371,0.2999702
4252,0.2999702
4529,0.2999702
4560,0.2999702
4645,0.2999702
