True,Pred
3931,0.26271418
3727,0.26271418
4285,0.26271418
3934,-312.39868
4100,-1763.2086
4112,-2270.8643
4296,-1678.4448
4371,-3969.3674
4252,-6666.2773
4529,-8686.973
4560,-12241.173
4645,-19732.152
