True,Pred
3931,0.2999702
3727,0.2999702
4285,0.2999702
3934,-42.061436
4100,-209.3591
4112,-133.0447
4296,0.02079305
4371,0.2999702
4252,0.2999702
4529,0.2999702
4560,0.2999702
4645,0.2999702
