True,Pred
3931,0.2964365
3727,0.2964365
4285,0.2964365
3934,0.2964365
4100,0.2964365
4112,0.2964365
4296,0.2964365
4371,0.2964365
4252,0.2964365
4529,0.2964365
4560,0.2964365
4645,0.2964365
