,RMSE,MAE,MAPE,PI_Width,CI_Coverage,PI_Overlap
mean,643.4492055220671,586.3018500434027,13.55919873471486,0.0,0.0,0.0
std,197.39418035929674,207.2227507149793,4.866571621439772,0.0,0.0,0.0
