True,Pred
3931,560.88873
3727,69.0756
4285,11.316121
3934,0.04541467
4100,19.404772
4112,-0.10781853
4296,2.0744615
4371,-20.39909
4252,-85.6734
4529,-5.950168
4560,5.4111238
4645,3.624939
