,RMSE,MAE,MAPE,PI Width,CI Coverage,PI Overlap
mean,2793.817925029511,2656.1445478651253,29.541688362049705,0.0,0.0,0.0
std,70.2159451840413,70.06681562763164,0.7927509711481999,0.0,0.0,0.0
