,RMSE,MAE,MAPE,PI_Width,CI_Coverage,PI_Overlap
mean,614.5084668537777,554.7285427517362,12.778752266550608,0.0,0.0,0.0
std,138.360236572294,146.5144217327584,3.4644030310957747,0.0,0.0,0.0
