,RMSE,MAE,MAPE,PI Width,CI Coverage,PI Overlap
mean,334.97472460359626,283.85495062934024,6.554152965058301,0.0,0.0,0.0
std,116.96062176996513,99.57620180155978,2.2046680526003426,0.0,0.0,0.0
