,RMSE,MAE,MAPE,PI Width,CI Coverage,PI Overlap
mean,111440.01205712151,59492.401646383594,684.537458007775,0.0,0.0,0.0
std,465385.98095341306,224490.62453994577,2603.5047383947103,0.0,0.0,0.0
