,RMSE,MAE,MAPE,PI Width,CI Coverage,PI Overlap
mean,2570.9230920984173,2436.3559790717236,27.065508692129256,0.0,0.0,0.0
std,96.0002517263405,95.09115421828909,1.0693379324620191,0.0,0.0,0.0
