,RMSE,MAE,MAPE,PI Width,CI Coverage,PI Overlap
mean,2465.2838454316143,2333.9180321587455,25.92047152973793,0.0,0.0,0.0
std,161.65544719572577,160.4875363918178,1.811530527852876,0.0,0.0,0.0
