True,Pred
3931,0.092691235
3727,0.092691235
4285,0.092691235
3934,0.092691235
4100,0.092691235
4112,0.092691235
4296,0.092691235
4371,0.092691235
4252,0.092691235
4529,0.092691235
4560,0.092691235
4645,0.092691235
