True,Pred
3931,0.099897355
3727,760.9377
4285,204.99939
3934,0.099897355
4100,160.90817
4112,0.099897355
4296,0.099897355
4371,31.27621
4252,0.099897355
4529,0.099897355
4560,6.1202464
4645,0.099897355
