True,Pred
3931,0.09963017
3727,0.09963017
4285,0.09963017
3934,0.09963017
4100,0.09963017
4112,0.09963017
4296,0.09963017
4371,0.09963017
4252,0.09963017
4529,0.09963017
4560,0.09963017
4645,0.09963017
