True,Pred
3931,0.08830852
3727,0.08830852
4285,0.08830852
3934,0.08830852
4100,0.08830852
4112,0.08830852
4296,0.08830852
4371,0.08830852
4252,0.08830852
4529,0.08830852
4560,0.08830852
4645,0.08830852
