,RMSE,MAE,MAPE,PI Width,CI Coverage,PI Overlap
mean,232.16355346231876,190.4315958658854,4.519676408382624,0.0,0.0,0.0
std,46.650328714597904,44.70802762379788,1.0006217078866588,0.0,0.0,0.0
