,RMSE,MAE,MAPE,PI Width,CI Coverage,PI Overlap
mean,6994.923018050823,5246.39188893636,121.13422288358818,0.0,0.0,0.0
std,18718.14422178517,9383.013962889388,206.00288171572535,0.0,0.0,0.0
