True,Pred
3931,0.29409912
3727,0.29409912
4285,0.29409912
3934,0.29409912
4100,0.29409912
4112,0.29409912
4296,0.29409912
4371,0.29409912
4252,0.29409912
4529,0.29409912
4560,0.29409912
4645,0.29409912
