True,Pred
3931,0.29920638
3727,0.29920638
4285,0.29920638
3934,0.29920638
4100,0.29920638
4112,0.29920638
4296,0.29920638
4371,0.29920638
4252,0.29920638
4529,0.29920638
4560,0.29920638
4645,0.29920638
