True,Pred
3931,0.29976356
3727,0.29976356
4285,0.29976356
3934,0.29976356
4100,0.29976356
4112,0.29976356
4296,0.29976356
4371,0.29976356
4252,0.29976356
4529,0.29976356
4560,0.29976356
4645,0.29976356
