True,Pred
3931,0.29976356
3727,0.29976356
4285,0.29976356
3934,0.29976356
4100,0.29976356
4112,31.093592
4296,18.594694
4371,0.29976356
4252,0.29976356
4529,0.29976356
4560,1.0402652
4645,0.9090012
