,RMSE,MAE,MAPE,PI Width,CI Coverage,PI Overlap
mean,793.2514871847982,737.6159469604493,17.366490128718635,0.0,0.0,0.0
std,1152.171842109941,1150.7870428285682,27.1000410406564,0.0,0.0,0.0
