,RMSE,MAE,MAPE,PI_Width,CI_Coverage,PI_Overlap
mean,1295.1502372918642,1236.3070178985595,29.25210397370507,0.0,0.0,0.0
std,3167.729672296057,3140.037705447525,75.17411109214048,0.0,0.0,0.0
