True,Pred
3931.0,-117.81038
3727.0,-165.34074
4285.0,-203.68481
3934.0,-246.63231
4100.0,-278.6355
4112.0,-315.9816
4296.0,-375.38083
4371.0,-425.98138
4252.0,-429.01758
4529.0,-431.50967
4560.0,-434.0546
4645.0,-436.363
