True,Pred
2822.0,3656.8818
2850.0000000000005,3656.8843
2634.0,3656.898
2734.0,3656.882
2810.0,3656.882
2925.0,3656.8823
2969.9999999999995,3656.8823
2739.0,3656.8823
2718.0000000000005,3656.882
3097.9999999999995,3656.8828
3416.0,3656.8823
3721.0,3656.8823
3608.0,3656.8823
3475.0,3656.8823
3384.0,3656.8828
3668.0,3656.8823
3623.9999999999995,3656.8823
3518.0,3656.8823
3694.9999999999995,3656.8828
3745.0,3656.8823
4044.0,3656.8823
4332.0,3656.8823
4006.0,3656.8828
4252.0,3656.8823
4056.0,3656.8823
4129.0,3656.8823
3950.0,3656.8828
3980.0,3656.8823
4000.0,3656.8823
4021.9999999999995,3656.8823
3832.0,3656.8828
3820.0,3656.8823
4017.0,3656.8823
4008.0,3656.8823
3671.0,3656.8828
4155.0,3656.8823
3922.0,3656.8823
4079.0,3656.8823
4063.0,3656.8828
4085.0,3656.8823
4061.0,3656.8823
3882.0,3656.8823
3999.0,3656.8828
3692.0,3656.8823
3976.0,3656.8823
