True,Pred
2822.0,3368.8499
2850.0000000000005,3368.8953
2634.0,3368.8826
2734.0,3368.9133
2810.0,3368.9133
2925.0,3368.913
2969.9999999999995,3368.913
2739.0,3368.9128
2718.0000000000005,3368.9133
3097.9999999999995,3368.913
3416.0,3368.913
3721.0,3368.9133
3608.0,3368.913
3475.0,3368.913
3384.0,3368.9133
3668.0,3368.9133
3623.9999999999995,3368.913
3518.0,3368.913
3694.9999999999995,3368.9133
3745.0,3368.9133
4044.0,3368.9133
4332.0,3368.913
4006.0,3368.913
4252.0,3368.9128
4056.0,3368.9133
4129.0,3368.913
3950.0,3368.913
3980.0,3368.9133
4000.0,3368.913
4021.9999999999995,3368.913
3832.0,3368.9133
3820.0,3368.9133
4017.0,3368.913
4008.0,3368.913
3671.0,3368.9133
4155.0,3368.9133
3922.0,3368.9133
4079.0,3368.913
4063.0,3368.913
4085.0,3368.9128
4061.0,3368.9133
3882.0,3368.913
3999.0,3368.913
3692.0,3368.9133
3976.0,3368.913
