True,Pred
2822.0,3721.3262
2850.0000000000005,3721.3267
2634.0,3721.3262
2734.0,3721.327
2810.0,3721.327
2925.0,3721.3271
2969.9999999999995,3721.327
2739.0,3721.3271
2718.0000000000005,3721.327
3097.9999999999995,3721.3271
3416.0,3721.3271
3721.0,3721.327
3608.0,3721.3271
3475.0,3721.3271
3384.0,3721.327
3668.0,3721.3271
3623.9999999999995,3721.3271
3518.0,3721.327
3694.9999999999995,3721.3271
3745.0,3721.3271
4044.0,3721.327
4332.0,3721.3271
4006.0,3721.3271
4252.0,3721.327
4056.0,3721.3271
4129.0,3721.3271
3950.0,3721.327
3980.0,3721.3271
4000.0,3721.3271
4021.9999999999995,3721.327
3832.0,3721.3271
3820.0,3721.3271
4017.0,3721.327
4008.0,3721.3271
3671.0,3721.3271
4155.0,3721.327
3922.0,3721.3271
4079.0,3721.3271
4063.0,3721.327
4085.0,3721.3271
4061.0,3721.3271
3882.0,3721.327
3999.0,3721.3271
3692.0,3721.3271
3976.0,3721.327
