True,Pred
2822.0,3573.0854
2850.0000000000005,3573.1038
2634.0,3573.0903
2734.0,3573.1152
2810.0,3573.115
2925.0,3573.1152
2969.9999999999995,3573.1147
2739.0,3573.115
2718.0000000000005,3573.1152
3097.9999999999995,3573.115
3416.0,3573.115
3721.0,3573.115
3608.0,3573.115
3475.0,3573.115
3384.0,3573.115
3668.0,3573.115
3623.9999999999995,3573.1152
3518.0,3573.1152
3694.9999999999995,3573.115
3745.0,3573.1147
4044.0,3573.1152
4332.0,3573.115
4006.0,3573.115
4252.0,3573.115
4056.0,3573.115
4129.0,3573.115
3950.0,3573.1152
3980.0,3573.1152
4000.0,3573.115
4021.9999999999995,3573.1147
3832.0,3573.1152
3820.0,3573.115
4017.0,3573.115
4008.0,3573.115
3671.0,3573.115
4155.0,3573.115
3922.0,3573.1152
4079.0,3573.1152
4063.0,3573.115
4085.0,3573.1147
4061.0,3573.1152
3882.0,3573.115
3999.0,3573.115
3692.0,3573.115
3976.0,3573.115
