True,Pred
2822.0,3759.6294
2850.0000000000005,3759.6328
2634.0,3759.6384
2734.0,3759.633
2810.0,3759.633
2925.0,3759.633
2969.9999999999995,3759.633
2739.0,3759.6328
2718.0000000000005,3759.6328
3097.9999999999995,3759.633
3416.0,3759.633
3721.0,3759.6328
3608.0,3759.6328
3475.0,3759.6333
3384.0,3759.633
3668.0,3759.633
3623.9999999999995,3759.633
3518.0,3759.6333
3694.9999999999995,3759.6333
3745.0,3759.6328
4044.0,3759.6333
4332.0,3759.633
4006.0,3759.6328
4252.0,3759.6328
4056.0,3759.633
4129.0,3759.633
3950.0,3759.633
3980.0,3759.633
4000.0,3759.633
4021.9999999999995,3759.6328
3832.0,3759.6328
3820.0,3759.633
4017.0,3759.633
4008.0,3759.6328
3671.0,3759.6328
4155.0,3759.6333
3922.0,3759.633
4079.0,3759.633
4063.0,3759.633
4085.0,3759.6333
4061.0,3759.6333
3882.0,3759.6328
3999.0,3759.6333
3692.0,3759.633
3976.0,3759.6328
