True,Pred
2822.0,3810.6638
2850.0000000000005,3810.6636
2634.0,3810.664
2734.0,3810.6638
2810.0,3810.664
2925.0,3810.664
2969.9999999999995,3810.664
2739.0,3810.6638
2718.0000000000005,3810.6638
3097.9999999999995,3810.664
3416.0,3810.664
3721.0,3810.664
3608.0,3810.6638
3475.0,3810.6638
3384.0,3810.664
3668.0,3810.664
3623.9999999999995,3810.664
3518.0,3810.6638
3694.9999999999995,3810.6638
3745.0,3810.664
4044.0,3810.664
4332.0,3810.664
4006.0,3810.6638
4252.0,3810.6638
4056.0,3810.664
4129.0,3810.664
3950.0,3810.664
3980.0,3810.6638
4000.0,3810.6638
4021.9999999999995,3810.664
3832.0,3810.664
3820.0,3810.664
4017.0,3810.6638
4008.0,3810.6638
3671.0,3810.664
4155.0,3810.664
3922.0,3810.664
4079.0,3810.6638
4063.0,3810.6638
4085.0,3810.664
4061.0,3810.664
3882.0,3810.664
3999.0,3810.6638
3692.0,3810.6638
3976.0,3810.664
