,RMSE,MAE,MAPE,PI Width,CI Coverage,PI Overlap
mean,3198.4756602901166,3149.0802993774414,74.28179152241725,0.0,0.0,0.0
std,1756.1757291589267,1777.3098641488498,42.11732835212843,0.0,0.0,0.0
