True,Pred
3931,0.14992934
3727,0.14992934
4285,0.14992934
3934,0.14992934
4100,0.14992934
4112,0.14992934
4296,0.14992934
4371,0.14992934
4252,0.14992934
4529,0.14992934
4560,0.14992934
4645,0.14992934
