True,Pred
3931,0.14332323
3727,0.14332323
4285,0.14332323
3934,0.14332323
4100,0.14332323
4112,0.14332323
4296,0.14332323
4371,0.14332323
4252,0.14332323
4529,0.14332323
4560,0.14332323
4645,0.14332323
