True,Pred
3931,0.14938422
3727,0.14938422
4285,0.14938422
3934,0.14938422
4100,0.14938422
4112,0.14938422
4296,0.14938422
4371,0.14938422
4252,0.14938422
4529,0.14938422
4560,0.14938422
4645,0.14938422
