True,Pred
3931,0.14993061
3727,0.14993061
4285,0.14993061
3934,0.14993061
4100,0.14993061
4112,-2267.5054
4296,-2186.6133
4371,-2398.098
4252,-3509.794
4529,-1928.2301
4560,-2645.013
4645,-4152.862
