True,Pred
3931,0.10814496
3727,0.10814496
4285,0.10814496
3934,0.10814496
4100,0.10814496
4112,0.10814496
4296,0.10814496
4371,0.10814496
4252,0.10814496
4529,0.10814496
4560,0.10814496
4645,0.10814496
