True,Pred
3931,0.09429773
3727,0.09429773
4285,0.09429773
3934,0.09429773
4100,0.09429773
4112,0.09429773
4296,0.09429773
4371,0.09429773
4252,0.09429773
4529,0.09429773
4560,0.09429773
4645,0.09429773
