True,Pred
2970,0.14567655
2739,0.14567655
2718,0.14567655
3098,0.14567655
3416,0.14567655
3721,0.14567655
3608,0.14567655
3475,0.14567655
3384,0.14567655
3668,0.14567655
3624,0.14567655
3518,0.14567655
3695,0.14567655
3745,0.14567655
4044,0.14567655
4332,0.14567655
4006,0.14567655
4252,0.14567655
4056,0.14567655
4129,0.14567655
3950,0.14567655
3980,0.14567655
4000,0.14567655
4022,0.14567655
3832,0.14567655
3820,0.14567655
4017,0.14567655
4008,0.14567655
3671,0.14567655
4155,0.14567655
3922,0.14567655
4079,0.14567655
4063,0.14567655
4085,0.14567655
4061,0.14567655
3882,0.14567655
3999,0.14567655
3692,0.14567655
3976,0.14567655
