Test_True,Test_Pred,Test_Lower,Test_Upper
4727,3123.1665,718.8179,5527.515
4696,3235.7478,831.3992,5640.0967
5365,2991.2678,586.9192,5395.616
6027,2668.5552,264.20654,5072.904
7419,2222.9229,-181.42578,4627.2715
6307,1936.9603,-467.3883,4341.309
6343,1825.2883,-579.0603,4229.6367
6165,1611.394,-792.9546,4015.7427
5683,1346.3055,-1058.0431,3750.6543
5613,1222.7672,-1181.5814,3627.1157
5613,1109.3345,-1295.0142,3513.683
5792,970.47894,-1433.8696,3374.8276
