Test_True,Test_Pred,Test_Lower,Test_Upper
4727,3184.739,1087.4778,5282.0
4696,2669.9019,572.6406,4767.163
5365,2862.6545,765.3933,4959.916
6027,3459.734,1362.4727,5556.995
7419,2870.2356,772.97437,4967.497
6307,2077.9478,-19.313477,4175.209
6343,1627.771,-469.49023,3725.0322
6165,2125.5757,28.314453,4222.837
5683,2547.3572,450.09595,4644.618
5613,1807.5536,-289.70764,3904.815
5613,1210.744,-886.5172,3308.0054
5792,1094.6798,-1002.5814,3191.941
