Test_True,Test_Pred,Test_Lower,Test_Upper
4727,4068.2446,1470.3049,6666.1846
4696,3722.718,1124.7783,6320.6577
5365,3306.7944,708.85474,5904.7344
6027,3031.6458,433.70605,5629.5854
7419,2678.4065,80.4668,5276.346
6307,2447.634,-150.30566,5045.5737
6343,2166.8223,-431.11743,4764.7617
6165,1976.8761,-621.0636,4574.816
5683,1754.1431,-843.79663,4352.083
5613,1596.5918,-1001.3479,4194.5312
5613,1419.7822,-1178.1575,4017.722
5792,1289.2064,-1308.7333,3887.146
