Test_True,Test_Pred,Test_Lower,Test_Upper
4727,3706.8472,1178.8584,6234.836
4696,4448.397,1920.4082,6976.3857
5365,4384.2256,1856.2368,6912.2144
6027,3161.7834,633.7947,5689.7725
7419,3820.6523,1292.6636,6348.641
6307,4640.8794,2112.8906,7168.868
6343,2591.7622,63.773438,5119.751
6165,3088.6387,560.6499,5616.6274
5683,5038.006,2510.017,7565.9946
5613,1972.7389,-555.2499,4500.7275
5613,2049.6135,-478.37524,4577.6025
5792,4624.6987,2096.71,7152.6875
