Test_True,Test_Pred,Test_Lower,Test_Upper
4727,2826.7947,121.46753,5532.122
4696,4286.131,1580.8037,6991.458
5365,2605.4595,-99.867676,5310.7866
6027,4638.182,1932.855,7343.5093
7419,2490.2007,-215.12646,5195.528
6307,2915.0024,209.6753,5620.3296
6343,2723.0662,17.739014,5428.3936
6165,2246.3474,-458.97974,4951.675
5683,4355.2983,1649.9712,7060.6255
5613,1853.3007,-852.0265,4558.628
5613,3527.479,822.15186,6232.806
5792,996.9089,-1708.4182,3702.236
