Test_True,Test_Pred,Test_Lower,Test_Upper
4727,3428.1287,990.00903,5866.248
4696,3077.6172,639.49756,5515.737
5365,2509.7927,71.673096,4947.912
6027,2495.2087,57.08911,4933.328
7419,2190.465,-247.65454,4628.585
6307,1879.3188,-558.8008,4317.4385
6343,1641.1123,-797.0073,4079.232
6165,1434.0436,-1004.07605,3872.163
5683,1327.2662,-1110.8534,3765.3857
5613,1159.29,-1278.8296,3597.4097
5613,1026.666,-1411.4536,3464.7856
5792,887.79675,-1550.3229,3325.9165
