True,Pred
3931,1220.3237
3727,-870.3696
4285,-287.98798
3934,-38.80675
4100,-7.828953
4112,-23.218386
4296,-27.26267
4371,-16.474035
4252,-20.189072
4529,12.649847
4560,-10.226547
4645,10.417343
