,RMSE,MAE,MAPE,PI Width,CI Coverage,PI Overlap
mean,284.06357778332523,235.50616861979162,5.402108661219795,0.0,0.0,0.0
std,1.892705300595938,1.6471367106181927,0.037208613929633316,0.0,0.0,0.0
