True,Pred
3931,0.14993156
3727,742.55304
4285,1055.0332
3934,2777.15
4100,155.76389
4112,1342.6277
4296,0.14993156
4371,0.14993156
4252,769.634
4529,0.14993156
4560,1700.5001
4645,0.14993156
