True,Pred
3931,0.13444266
3727,0.13444266
4285,0.13444266
3934,0.13444266
4100,0.13444266
4112,1659.7346
4296,0.13444266
4371,0.13444266
4252,1293.4506
4529,0.13444266
4560,0.13444266
4645,685.4912
