True,Pred
3931,0.14993156
3727,-835.06146
4285,-1461.7793
3934,-1789.3542
4100,-2217.5828
4112,-3043.3625
4296,-3719.663
4371,-3298.8447
4252,-2877.1501
4529,-2288.94
4560,-1909.9277
4645,-1458.4164
