True,Pred
3931,0.14593433
3727,0.14593433
4285,0.14593433
3934,-866.0033
4100,-6031.1733
4112,-18649.172
4296,-55664.414
4371,-170498.67
4252,-522797.12
4529,-1602641.9
4560,-4912469.0
4645,-15057648.0
