True,Pred
3931,0.14946906
3727,0.14946906
4285,0.14946906
3934,0.14946906
4100,0.14946906
4112,0.14946906
4296,0.14946906
4371,0.14946906
4252,0.14946906
4529,0.14946906
4560,0.14946906
4645,0.14946906
