True,Pred
3931,0.14991672
3727,0.14991672
4285,0.14991672
3934,0.14991672
4100,0.14991672
4112,0.14991672
4296,0.14991672
4371,0.14991672
4252,0.14991672
4529,0.14991672
4560,0.14991672
4645,0.14991672
