True,Pred
2810,0.1405523
2925,0.1405523
2970,0.1405523
2739,0.1405523
2718,0.1405523
3098,0.1405523
3416,0.1405523
3721,0.1405523
3608,0.1405523
3475,0.1405523
3384,0.1405523
3668,0.1405523
3624,0.1405523
3518,0.1405523
3695,0.1405523
3745,0.1405523
4044,0.1405523
4332,0.1405523
4006,0.1405523
4252,0.1405523
4056,0.1405523
4129,0.1405523
3950,0.1405523
3980,0.1405523
4000,0.1405523
4022,0.1405523
3832,0.1405523
3820,0.1405523
4017,0.1405523
4008,0.1405523
3671,0.1405523
4155,0.1405523
3922,0.1405523
4079,0.1405523
4063,0.1405523
4085,0.1405523
4061,0.1405523
3882,0.1405523
3999,0.1405523
3692,0.1405523
3976,0.1405523
