{
  "model_name": "lstm",
  "analysis_type": "trial",
  "optimal_parameters": {
    "lookback": 9,
    "batch_size": 8,
    "epochs": 100
  },
  "timestamp": "2025-07-24T17:29:56.386555",
  "output_directory": "sensitivity_analysis_lstm_trial",
  "final_num_trials": 100,
  "final_metrics": {
    "train_rmse": {
      "mean": 288.88952299126555,
      "std": 28.898696013557675,
      "lower_ci": 283.22537857260824,
      "upper_ci": 294.55366740992287,
      "ci_width": 11.32828883731463
    },
    "train_mae": {
      "mean": 234.0138354492187,
      "std": 23.911604793758222,
      "lower_ci": 229.3271609096421,
      "upper_ci": 238.70050998879532,
      "ci_width": 9.373349079153229
    },
    "train_mape": {
      "mean": 6.1299906584689134,
      "std": 0.6171730043160334,
      "lower_ci": 6.009024749622971,
      "upper_ci": 6.250956567314856,
      "ci_width": 0.241931817691885
    },
    "train_pi_coverage": {
      "mean": 95.80392156862744,
      "std": 2.2531109681918786,
      "lower_ci": 95.36231181886184,
      "upper_ci": 96.24553131839305,
      "ci_width": 0.8832194995312079
    },
    "test_rmse": {
      "mean": 1284.8993016217948,
      "std": 96.13645565132484,
      "lower_ci": 1266.0565563141352,
      "upper_ci": 1303.7420469294545,
      "ci_width": 37.685490615319395
    },
    "test_mae": {
      "mean": 1100.9224212646484,
      "std": 117.50480536243248,
      "lower_ci": 1077.8914794136117,
      "upper_ci": 1123.953363115685,
      "ci_width": 46.061883702073374
    },
    "test_mape": {
      "mean": 17.91294756644373,
      "std": 2.03608462003376,
      "lower_ci": 17.513874980917112,
      "upper_ci": 18.312020151970348,
      "ci_width": 0.7981451710532355
    },
    "test_pi_coverage": {
      "mean": 61.24999999999999,
      "std": 8.025566785107593,
      "lower_ci": 59.67698891011891,
      "upper_ci": 62.82301108988108,
      "ci_width": 3.14602217976217
    }
  }
}