,RMSE,MAE,MAPE,PI Width,CI Coverage,PI Overlap
mean,358.0596648291864,297.10240275065104,6.792200667869728,0.0,0.0,0.0
std,12.71276057928297,10.183963598720554,0.22731631653268888,0.0,0.0,0.0
