,RMSE,MAE,MAPE,PI_Width,CI_Coverage,PI_Overlap
mean,550.9622268058816,492.98406778971355,11.378046746398164,0.0,0.0,0.0
std,172.63424586885606,176.30720334056,4.086308158352341,0.0,0.0,0.0
