,RMSE,MAE,MAPE,PI Width,CI Coverage,PI Overlap
mean,300.61264800507195,251.54292941623265,5.807392509889552,0.0,0.0,0.0
std,75.70217484899484,74.520201331915,1.7532899775146054,0.0,0.0,0.0
