True,Pred
3931,0.09995911
3727,0.09995911
4285,0.09995911
3934,935.7808
4100,843.79706
4112,0.09995911
4296,0.09995911
4371,0.09995911
4252,441.5569
4529,425.13647
4560,0.09995911
4645,0.09995911
