True,Pred
3931,0.09995911
3727,0.09995911
4285,0.09995911
3934,-1697.2084
4100,-3285.5151
4112,-3791.1782
4296,-3482.4775
4371,0.09995911
4252,0.09995911
4529,0.09995911
4560,0.09995911
4645,0.09995911
