True,Pred
3931,0.087257095
3727,0.087257095
4285,0.087257095
3934,0.087257095
4100,0.087257095
4112,0.087257095
4296,0.087257095
4371,0.087257095
4252,0.087257095
4529,0.087257095
4560,0.087257095
4645,0.087257095
