True,Pred
3931,0.09581803
3727,0.09581803
4285,0.09581803
3934,0.09581803
4100,0.09581803
4112,0.09581803
4296,0.09581803
4371,0.09581803
4252,0.09581803
4529,0.09581803
4560,0.09581803
4645,0.09581803
