True,Pred
3931,0.09995911
3727,0.09995911
4285,0.09995911
3934,0.09995911
4100,0.09995911
4112,0.09995911
4296,0.09995911
4371,0.09995911
4252,0.09995911
4529,0.09995911
4560,0.09995911
4645,0.09995911
