True,Pred
3931,0.08344627
3727,0.08344627
4285,0.08344627
3934,0.08344627
4100,0.08344627
4112,0.08344627
4296,0.08344627
4371,0.08344627
4252,0.08344627
4529,0.08344627
4560,0.08344627
4645,0.08344627
