True,Pred
3931,0.09995911
3727,0.09995911
4285,0.09995911
3934,589.98425
4100,106.60565
4112,536.78015
4296,61.13559
4371,0.09995911
4252,0.09995911
4529,34.244934
4560,16.22242
4645,34.880592
