,RMSE,MAE,MAPE,PI Width,CI Coverage,PI Overlap
mean,418.70055720680267,351.9238145616319,8.04038465438388,0.0,0.0,0.0
std,5.340655692821418,5.172295560207676,0.11886283467250344,0.0,0.0,0.0
