,RMSE,MAE,MAPE,PI Width,CI Coverage,PI Overlap
mean,431.93993009773027,364.905029296875,8.337869058675128,0.0,0.0,0.0
std,3.3854240393715704,3.1187794852714985,0.07140010727541019,0.0,0.0,0.0
