,RMSE,MAE,MAPE,PI_Width,CI_Coverage,PI_Overlap
mean,558.6430536543329,497.81951633029513,11.458739727728872,0.0,0.0,0.0
std,117.89258308405027,121.32051151218556,2.811516959293157,0.0,0.0,0.0
