,RMSE,MAE,MAPE,PI Width,CI Coverage,PI Overlap
mean,415.90364098737376,351.0043531629774,8.01865674458141,0.0,0.0,0.0
std,3.536879764563832,3.3623869816935517,0.07713793666250066,0.0,0.0,0.0
