,RMSE,MAE,MAPE,PI Width,CI Coverage,PI Overlap
mean,1107.5617111017423,1063.3034591674805,25.075738732033106,0.0,0.0,0.0
std,1599.0039730196331,1606.7381145589106,38.00327370144579,0.0,0.0,0.0
