True,Pred
3931,782.27246
3727,59.187855
4285,190.78308
3934,157.96169
4100,446.1588
4112,109.9041
4296,176.86417
4371,70.96297
4252,5.06715
4529,29.590193
4560,5.226758
4645,10.583888
