True,Pred
3931,-79.51117
3727,-154.9343
4285,-304.28668
3934,112.31206
4100,86.9879
4112,0.13093373
4296,-29.421219
4371,-1.208254
4252,-0.9056454
4529,-1.2585158
4560,0.2899536
4645,0.08409563
