,RMSE,MAE,MAPE,PI Width,CI Coverage,PI Overlap
mean,inf,5.7272585656650104e+16,1462168997807003.2,0.0,0.0,0.0
std,,3.136816800316503e+17,8008291447388422.0,0.0,0.0,0.0
