True,Pred
3931,0.2960847
3727,0.2960847
4285,0.2960847
3934,0.2960847
4100,0.2960847
4112,0.2960847
4296,0.2960847
4371,0.2960847
4252,0.2960847
4529,-63.463463
4560,-185.52032
4645,0.2960847
