True,Pred
3931,0.29915938
3727,0.29915938
4285,0.29915938
3934,0.29915938
4100,0.29915938
4112,0.29915938
4296,0.29915938
4371,0.29915938
4252,0.29915938
4529,0.29915938
4560,0.29915938
4645,0.29915938
