True,Pred
3931,0.29638347
3727,0.29638347
4285,0.29638347
3934,0.29638347
4100,0.29638347
4112,0.29638347
4296,0.29638347
4371,-5338.7305
4252,-8485.672
4529,-6473.473
4560,-9217.927
4645,-7644.648
