True,Pred
3931,0.26129344
3727,0.26129344
4285,0.26129344
3934,0.26129344
4100,0.26129344
4112,0.26129344
4296,0.26129344
4371,0.26129344
4252,0.26129344
4529,160.77562
4560,0.26129344
4645,152.77339
