True,Pred
3931,0.29722646
3727,0.29722646
4285,0.29722646
3934,0.29722646
4100,0.29722646
4112,0.29722646
4296,0.29722646
4371,0.29722646
4252,0.29722646
4529,0.29722646
4560,0.29722646
4645,-8.414978
