,RMSE,MAE,MAPE,PI_Width,CI_Coverage,PI_Overlap
mean,585.2415018714534,454.679845558449,13.789672562381286,0.0,0.0,0.0
std,94.11741517902263,93.91344514809755,2.1253898514792056,0.0,0.0,0.0
