True,Pred
2822.0,4209.043
2850.0000000000005,4209.427
2634.0,4211.308
2734.0,4212.28
2810.0,4212.2915
2925.0,4212.3013
2969.9999999999995,4212.305
2739.0,4212.305
2718.0000000000005,4212.305
3097.9999999999995,4212.305
3416.0,4212.3047
3721.0,4212.3057
3608.0,4212.3057
3475.0,4212.305
3384.0,4212.305
3668.0,4212.3057
3623.9999999999995,4212.305
3518.0,4212.3057
3694.9999999999995,4212.3057
3745.0,4212.305
4044.0,4212.3057
4332.0,4212.3047
4006.0,4212.3057
4252.0,4212.305
4056.0,4212.3047
4129.0,4212.3047
3950.0,4212.3057
3980.0,4212.3057
4000.0,4212.305
4021.9999999999995,4212.305
3832.0,4212.3057
3820.0,4212.305
4017.0,4212.3057
4008.0,4212.3057
3671.0,4212.305
4155.0,4212.3057
3922.0,4212.3047
4079.0,4212.3057
4063.0,4212.305
4085.0,4212.3047
4061.0,4212.3047
3882.0,4212.3057
3999.0,4212.3057
3692.0,4212.305
3976.0,4212.305
