True,Pred
2822.0,4022.9153
2850.0000000000005,4023.5999
2634.0,4028.677
2734.0,4029.4895
2810.0,4029.5945
2925.0,4029.6885
2969.9999999999995,4029.7039
2739.0,4029.7075
2718.0000000000005,4029.709
3097.9999999999995,4029.7095
3416.0,4029.7102
3721.0,4029.7097
3608.0,4029.71
3475.0,4029.71
3384.0,4029.71
3668.0,4029.7095
3623.9999999999995,4029.71
3518.0,4029.7095
3694.9999999999995,4029.7102
3745.0,4029.71
4044.0,4029.71
4332.0,4029.7097
4006.0,4029.71
4252.0,4029.7097
4056.0,4029.71
4129.0,4029.7097
3950.0,4029.71
3980.0,4029.7102
4000.0,4029.7095
4021.9999999999995,4029.7095
3832.0,4029.7097
3820.0,4029.7097
4017.0,4029.71
4008.0,4029.7097
3671.0,4029.71
4155.0,4029.71
3922.0,4029.7097
4079.0,4029.71
4063.0,4029.7102
4085.0,4029.7095
4061.0,4029.7095
3882.0,4029.7097
3999.0,4029.7097
3692.0,4029.71
3976.0,4029.7097
