True,Pred
2822.0,3801.9382
2850.0000000000005,3797.9373
2634.0,3799.9414
2734.0,3795.8215
2810.0,3795.6794
2925.0,3795.6152
2969.9999999999995,3795.5137
2739.0,3795.5056
2718.0000000000005,3795.5017
3097.9999999999995,3795.4993
3416.0,3795.4988
3721.0,3795.4988
3608.0,3795.4988
3475.0,3795.4983
3384.0,3795.499
3668.0,3795.4985
3623.9999999999995,3795.4983
3518.0,3795.4983
3694.9999999999995,3795.4985
3745.0,3795.4988
4044.0,3795.4983
4332.0,3795.4988
4006.0,3795.4988
4252.0,3795.4983
4056.0,3795.4985
4129.0,3795.4985
3950.0,3795.4985
3980.0,3795.4973
4000.0,3795.4985
4021.9999999999995,3795.4988
3832.0,3795.4978
3820.0,3795.4983
4017.0,3795.4985
4008.0,3795.4985
3671.0,3795.4983
4155.0,3795.4988
3922.0,3795.4985
4079.0,3795.4983
4063.0,3795.4983
4085.0,3795.4985
4061.0,3795.4983
3882.0,3795.4985
3999.0,3795.4988
3692.0,3795.4988
3976.0,3795.4985
