True,Pred
2822.0,3698.8486
2850.0000000000005,3696.481
2634.0,3696.0525
2734.0,3693.7197
2810.0,3693.673
2925.0,3693.6458
2969.9999999999995,3693.6262
2739.0,3693.625
2718.0000000000005,3693.6248
3097.9999999999995,3693.6248
3416.0,3693.625
3721.0,3693.625
3608.0,3693.6245
3475.0,3693.6243
3384.0,3693.6245
3668.0,3693.6245
3623.9999999999995,3693.6245
3518.0,3693.6243
3694.9999999999995,3693.6248
3745.0,3693.6243
4044.0,3693.6245
4332.0,3693.6243
4006.0,3693.6245
4252.0,3693.6245
4056.0,3693.6243
4129.0,3693.6245
3950.0,3693.6245
3980.0,3693.6245
4000.0,3693.6243
4021.9999999999995,3693.6243
3832.0,3693.6248
3820.0,3693.6245
4017.0,3693.6245
4008.0,3693.6243
3671.0,3693.6245
4155.0,3693.6245
3922.0,3693.6245
4079.0,3693.6245
4063.0,3693.6248
4085.0,3693.6245
4061.0,3693.6248
3882.0,3693.6245
3999.0,3693.6248
3692.0,3693.6245
3976.0,3693.625
