True,Pred
2822.0,2918.9685
2850.0000000000005,2923.7698
2634.0,2928.2444
2734.0,2931.1895
2810.0,2931.133
2925.0,2931.106
2969.9999999999995,2931.098
2739.0,2931.0981
2718.0000000000005,2931.0984
3097.9999999999995,2931.0984
3416.0,2931.0986
3721.0,2931.0984
3608.0,2931.099
3475.0,2931.0984
3384.0,2931.0981
3668.0,2931.099
3623.9999999999995,2931.0984
3518.0,2931.0986
3694.9999999999995,2931.0984
3745.0,2931.0981
4044.0,2931.0986
4332.0,2931.0984
4006.0,2931.0986
4252.0,2931.0986
4056.0,2931.0986
4129.0,2931.0981
3950.0,2931.0986
3980.0,2931.0984
4000.0,2931.0984
4021.9999999999995,2931.0986
3832.0,2931.0986
3820.0,2931.0981
4017.0,2931.0986
4008.0,2931.0984
3671.0,2931.0984
4155.0,2931.0986
3922.0,2931.0986
4079.0,2931.0981
4063.0,2931.0986
4085.0,2931.0984
4061.0,2931.0984
3882.0,2931.0986
3999.0,2931.0986
3692.0,2931.0981
3976.0,2931.0986
