True,Pred
2822.0,3262.9233
2850.0000000000005,3260.613
2634.0,3259.081
2734.0,3255.9922
2810.0,3255.9668
2925.0,3255.9478
2969.9999999999995,3255.932
2739.0,3255.9316
2718.0000000000005,3255.9316
3097.9999999999995,3255.9314
3416.0,3255.9314
3721.0,3255.931
3608.0,3255.931
3475.0,3255.931
3384.0,3255.9314
3668.0,3255.9314
3623.9999999999995,3255.9314
3518.0,3255.9314
3694.9999999999995,3255.9314
3745.0,3255.9314
4044.0,3255.9314
4332.0,3255.9316
4006.0,3255.9316
4252.0,3255.9312
4056.0,3255.9314
4129.0,3255.9314
3950.0,3255.9312
3980.0,3255.9316
4000.0,3255.9312
4021.9999999999995,3255.9316
3832.0,3255.932
3820.0,3255.9316
4017.0,3255.9312
4008.0,3255.9314
3671.0,3255.9312
4155.0,3255.9314
3922.0,3255.9314
4079.0,3255.9314
4063.0,3255.9314
4085.0,3255.9314
4061.0,3255.9312
3882.0,3255.9314
3999.0,3255.9314
3692.0,3255.9316
3976.0,3255.9314
