True,Pred
2822.0,3923.6897
2850.0000000000005,3923.3015
2634.0,3925.4873
2734.0,3924.9844
2810.0,3925.0
2925.0,3925.016
2969.9999999999995,3925.011
2739.0,3925.0117
2718.0000000000005,3925.011
3097.9999999999995,3925.0112
3416.0,3925.0112
3721.0,3925.0117
3608.0,3925.0117
3475.0,3925.011
3384.0,3925.0112
3668.0,3925.0117
3623.9999999999995,3925.0112
3518.0,3925.0117
3694.9999999999995,3925.0112
3745.0,3925.0117
4044.0,3925.012
4332.0,3925.012
4006.0,3925.0117
4252.0,3925.012
4056.0,3925.012
4129.0,3925.0117
3950.0,3925.012
3980.0,3925.012
4000.0,3925.0117
4021.9999999999995,3925.012
3832.0,3925.012
3820.0,3925.0117
4017.0,3925.012
4008.0,3925.012
3671.0,3925.0117
4155.0,3925.012
3922.0,3925.012
4079.0,3925.0117
4063.0,3925.012
4085.0,3925.012
4061.0,3925.0117
3882.0,3925.012
3999.0,3925.012
3692.0,3925.0117
3976.0,3925.012
