True,Pred
2822.0,4027.5894
2850.0000000000005,4028.752
2634.0,4039.2734
2734.0,4041.2031
2810.0,4041.6353
2925.0,4042.0366
2969.9999999999995,4042.1208
2739.0,4042.1501
2718.0000000000005,4042.166
3097.9999999999995,4042.1704
3416.0,4042.1714
3721.0,4042.1719
3608.0,4042.1726
3475.0,4042.1726
3384.0,4042.1729
3668.0,4042.173
3623.9999999999995,4042.1729
3518.0,4042.1726
3694.9999999999995,4042.1726
3745.0,4042.1729
4044.0,4042.1726
4332.0,4042.1724
4006.0,4042.1729
4252.0,4042.173
4056.0,4042.1726
4129.0,4042.1726
3950.0,4042.1726
3980.0,4042.173
4000.0,4042.1729
4021.9999999999995,4042.1729
3832.0,4042.1729
3820.0,4042.1729
4017.0,4042.1724
4008.0,4042.1729
3671.0,4042.1724
4155.0,4042.1726
3922.0,4042.1726
4079.0,4042.1724
4063.0,4042.1724
4085.0,4042.1729
4061.0,4042.1726
3882.0,4042.173
3999.0,4042.1729
3692.0,4042.1726
3976.0,4042.173
