True,Pred
2822.0,4061.7563
2850.0000000000005,4061.091
2634.0,4067.7424
2734.0,4069.475
2810.0,4069.5798
2925.0,4069.7336
2969.9999999999995,4069.7703
2739.0,4069.7751
2718.0000000000005,4069.7795
3097.9999999999995,4069.7803
3416.0,4069.78
3721.0,4069.78
3608.0,4069.7798
3475.0,4069.78
3384.0,4069.78
3668.0,4069.7798
3623.9999999999995,4069.7798
3518.0,4069.78
3694.9999999999995,4069.7795
3745.0,4069.7803
4044.0,4069.7795
4332.0,4069.78
4006.0,4069.7798
4252.0,4069.7798
4056.0,4069.78
4129.0,4069.78
3950.0,4069.7798
3980.0,4069.7798
4000.0,4069.78
4021.9999999999995,4069.7795
3832.0,4069.7803
3820.0,4069.7795
4017.0,4069.78
4008.0,4069.7798
3671.0,4069.7798
4155.0,4069.78
3922.0,4069.78
4079.0,4069.7798
4063.0,4069.7798
4085.0,4069.78
4061.0,4069.7795
3882.0,4069.7803
3999.0,4069.7795
3692.0,4069.78
3976.0,4069.7798
