True,Pred
2822.0,3623.6877
2850.0000000000005,3620.8667
2634.0,3621.1917
2734.0,3618.7156
2810.0,3618.683
2925.0,3618.6738
2969.9999999999995,3618.6558
2739.0,3618.6555
2718.0000000000005,3618.6555
3097.9999999999995,3618.6553
3416.0,3618.6548
3721.0,3618.6548
3608.0,3618.6548
3475.0,3618.6553
3384.0,3618.6548
3668.0,3618.6553
3623.9999999999995,3618.6553
3518.0,3618.6553
3694.9999999999995,3618.6555
3745.0,3618.6553
4044.0,3618.6553
4332.0,3618.6553
4006.0,3618.6553
4252.0,3618.6553
4056.0,3618.6553
4129.0,3618.6553
3950.0,3618.6548
3980.0,3618.6553
4000.0,3618.6548
4021.9999999999995,3618.6553
3832.0,3618.6548
3820.0,3618.6553
4017.0,3618.6553
4008.0,3618.6553
3671.0,3618.6553
4155.0,3618.6548
3922.0,3618.6548
4079.0,3618.6558
4063.0,3618.6555
4085.0,3618.6548
4061.0,3618.6553
3882.0,3618.6555
3999.0,3618.6553
3692.0,3618.6555
3976.0,3618.6548
