,RMSE,MAE,MAPE,PI Width,CI Coverage,PI Overlap
mean,70150.66627504419,35280.61401977539,778.6048671903043,0.0,0.0,0.0
std,362904.5804561286,172027.77401592184,3762.825640621883,0.0,0.0,0.0
