True,Pred
3931,0.29773885
3727,0.29773885
4285,0.29773885
3934,0.29773885
4100,0.29773885
4112,0.29773885
4296,0.29773885
4371,0.29773885
4252,0.29773885
4529,0.29773885
4560,0.29773885
4645,0.29773885
