True,Pred
3931,0.29957756
3727,98.52318
4285,0.29957756
3934,0.29957756
4100,0.29957756
4112,0.29957756
4296,0.29957756
4371,0.29957756
4252,0.29957756
4529,0.29957756
4560,0.29957756
4645,0.29957756
