True,Pred
3931,0.29676357
3727,0.29676357
4285,0.29676357
3934,0.29676357
4100,0.29676357
4112,0.29676357
4296,0.29676357
4371,0.29676357
4252,0.29676357
4529,0.29676357
4560,0.29676357
4645,0.29676357
