True,Pred
3931,0.293735
3727,0.293735
4285,0.293735
3934,0.293735
4100,0.293735
4112,0.293735
4296,0.293735
4371,0.293735
4252,0.293735
4529,0.293735
4560,0.293735
4645,0.293735
