,RMSE,MAE,MAPE,PI Width,CI Coverage,PI Overlap
mean,534.2641232229217,461.97379557291674,10.580553706423512,0.0,0.0,0.0
std,135.85059612672737,126.28194119702086,2.8993248849466062,0.0,0.0,0.0
