True,Pred
3931,3743.993
3727,3503.4583
4285,3241.1875
3934,2968.4238
4100,2513.4973
4112,2007.039
4296,1313.8492
4371,491.62277
4252,0.051933628
4529,0.051933628
4560,0.051933628
4645,0.051933628
