True,Pred
3931,3478.4927
3727,2967.7378
4285,2389.3362
3934,1414.1351
4100,939.5787
4112,613.92316
4296,494.15955
4371,734.94775
4252,2703.5483
4529,2449.8135
4560,2568.3508
4645,2561.3567
