True,Pred
3931,0.21675272
3727,0.21675272
4285,0.21675272
3934,0.21675272
4100,0.21675272
4112,-4510.4834
4296,-10540.779
4371,-22666.273
4252,-47951.832
4529,-119076.49
4560,-294953.25
4645,-740340.9
