True,Pred
3931,0.24983634
3727,0.24983634
4285,0.24983634
3934,0.24983634
4100,0.24983634
4112,0.24983634
4296,0.24983634
4371,0.24983634
4252,0.24983634
4529,0.24983634
4560,0.24983634
4645,0.24983634
