True,Pred
3931,0.24652155
3727,0.24652155
4285,0.24652155
3934,0.24652155
4100,0.24652155
4112,0.24652155
4296,0.24652155
4371,0.24652155
4252,0.24652155
4529,0.5121116
4560,0.97925454
4645,1.4857821
