True,Pred
3931,0.24987087
3727,0.24987087
4285,0.24987087
3934,0.24987087
4100,0.24987087
4112,0.24987087
4296,0.24987087
4371,-1652.214
4252,-3994.0127
4529,-469.30307
4560,0.24987087
4645,0.24987087
