True,Pred
3931,0.24980384
3727,0.24980384
4285,0.24980384
3934,0.24980384
4100,0.24980384
4112,0.24980384
4296,0.24980384
4371,0.24980384
4252,0.24980384
4529,0.24980384
4560,0.24980384
4645,0.24980384
