,RMSE,MAE,MAPE,PI Width,CI Coverage,PI Overlap
mean,4018.12678731468,3808.4177482604982,89.62883855695094,0.0,0.0,0.0
std,2505.8177645666533,1867.4738414251403,43.09066754719867,0.0,0.0,0.0
