True,Pred
3931,0.14293517
3727,0.14293517
4285,0.14293517
3934,0.14293517
4100,0.14293517
4112,0.14293517
4296,0.14293517
4371,0.14293517
4252,0.14293517
4529,0.14293517
4560,0.14293517
4645,0.14293517
