True,Pred
3931,0.14719895
3727,0.14719895
4285,0.14719895
3934,0.14719895
4100,0.14719895
4112,0.14719895
4296,0.14719895
4371,0.14719895
4252,0.14719895
4529,-151.37016
4560,-856.32886
4645,-386.6516
