True,Pred
3931,0.06689148
3727,0.06689148
4285,0.06689148
3934,0.06689148
4100,0.06689148
4112,0.06689148
4296,0.06689148
4371,0.06689148
4252,0.06689148
4529,0.06689148
4560,0.06689148
4645,0.06689148
