True,Pred
3931,0.14989501
3727,0.14989501
4285,0.14989501
3934,0.14989501
4100,0.14989501
4112,-2517.6423
4296,-1129.7141
4371,-1467.1885
4252,-620.27673
4529,-226.95113
4560,0.14989501
4645,0.14989501
