True,Pred
3931,0.109410636
3727,0.109410636
4285,0.109410636
3934,0.109410636
4100,0.109410636
4112,0.109410636
4296,0.109410636
4371,0.109410636
4252,0.109410636
4529,0.109410636
4560,0.109410636
4645,0.109410636
