True,Pred
2634,0.59680486
2734,0.59680486
2810,0.59680486
2925,0.59680486
2970,0.59680486
2739,0.59680486
2718,0.59680486
3098,0.59680486
3416,0.59680486
3721,0.59680486
3608,0.59680486
3475,0.59680486
3384,0.59680486
3668,0.59680486
3624,0.59680486
3518,0.59680486
3695,0.59680486
3745,0.59680486
4044,0.59680486
4332,0.59680486
4006,0.59680486
4252,0.59680486
4056,0.59680486
4129,0.59680486
3950,0.59680486
3980,0.59680486
4000,0.59680486
4022,0.59680486
3832,0.59680486
3820,0.59680486
4017,0.59680486
4008,0.59680486
3671,0.59680486
4155,0.59680486
3922,0.59680486
4079,0.59680486
4063,0.59680486
4085,0.59680486
4061,0.59680486
3882,0.59680486
3999,0.59680486
3692,0.59680486
3976,0.59680486
