True,Pred
3931,0.5991987
3727,3034.875
4285,0.5991987
3934,1953.0485
4100,962.7779
4112,0.5991987
4296,2177.1936
4371,0.5991987
4252,1011.9087
4529,0.5991987
4560,0.5991987
4645,1456.7306
