True,Pred
3931,0.58297837
3727,0.58297837
4285,0.58297837
3934,0.58297837
4100,0.58297837
4112,0.58297837
4296,0.58297837
4371,0.58297837
4252,0.58297837
4529,0.58297837
4560,0.58297837
4645,0.58297837
