True,Pred
3931,0.58668256
3727,0.58668256
4285,0.58668256
3934,0.58668256
4100,0.58668256
4112,0.58668256
4296,0.58668256
4371,0.58668256
4252,0.58668256
4529,0.58668256
4560,0.58668256
4645,0.58668256
