True,Pred
3931,0.59603846
3727,0.59603846
4285,0.59603846
3934,0.59603846
4100,0.59603846
4112,0.59603846
4296,0.59603846
4371,0.59603846
4252,0.59603846
4529,0.59603846
4560,0.59603846
4645,0.59603846
