True,Pred
3931,0.59897405
3727,0.59897405
4285,0.59897405
3934,0.59897405
4100,0.59897405
4112,0.59897405
4296,0.59897405
4371,0.59897405
4252,0.59897405
4529,0.59897405
4560,0.59897405
4645,0.59897405
