True,Pred
3931,0.52972794
3727,0.52972794
4285,0.52972794
3934,0.52972794
4100,0.52972794
4112,2.6422985
4296,4.725142
4371,6.7777915
4252,9.146372
4529,11.0465555
4560,8.496683
4645,3.8506496
