True,Pred
3931,0.5991987
3727,-4239.121
4285,-12653.555
3934,-8605.527
4100,-1117.0759
4112,0.5991987
4296,0.5991987
4371,0.5991987
4252,0.5991987
4529,0.5991987
4560,0.5991987
4645,0.5991987
