,RMSE,MAE,MAPE,PI Width,CI Coverage,PI Overlap
mean,1732.0157172748418,1568.6671481662322,17.441244590723795,0.0,0.0,0.0
std,395.295315955706,415.08136893325064,4.576099185292511,0.0,0.0,0.0
