,RMSE,MAE,MAPE,PI_Width,CI_Coverage,PI_Overlap
mean,571.4007047459666,516.8916666666668,12.000714840239546,0.0,0.0,0.0
std,268.7215284375472,274.9053318470696,6.4038123902383575,0.0,0.0,0.0
