,RMSE,MAE,MAPE,PI_Width,CI_Coverage,PI_Overlap
mean,612.151271071095,553.7082044813368,12.766241148714313,0.0,0.0,0.0
std,156.60569786505775,163.50344584819004,3.844346874276812,0.0,0.0,0.0
