,RMSE,MAE,MAPE,PI Width,CI Coverage,PI Overlap
mean,1645.1955271160198,1599.778458658854,37.535564637556874,0.0,0.0,0.0
std,194.19360396708595,117.17863087657881,2.6401321488738447,0.0,0.0,0.0
