,RMSE,MAE,MAPE,PI Width,CI Coverage,PI Overlap
mean,2862.78850113717,2730.0880235460068,30.39627330751856,0.0,0.0,0.0
std,3.6960277925273632,3.6073908153173164,0.040550356711352924,0.0,0.0,0.0
