,RMSE,MAE,MAPE,PI Width,CI Coverage,PI Overlap
mean,312.6159322661891,260.45790134006074,5.994831761927729,0.0,0.0,0.0
std,68.84687967779855,55.69593831905654,1.2177630011724885,0.0,0.0,0.0
