,RMSE,MAE,MAPE,PI Width,CI Coverage,PI Overlap
mean,3196.152533046153,3047.2826751708985,33.940865114501705,0.0,0.0,0.0
std,37.04860325056551,36.362800422197175,0.41029017947955887,0.0,0.0,0.0
