,RMSE,MAE,MAPE,PI_Width,CI_Coverage,PI_Overlap
mean,2346.328847333713,2295.1944969177252,54.531787562699044,0.0,0.0,0.0
std,3807.791058977776,3751.1843339805505,89.8592568864317,0.0,0.0,0.0
