,RMSE,MAE,MAPE,PI Width,CI Coverage,PI Overlap
mean,477.6620164756399,406.68208279079863,9.297197812704479,0.0,0.0,0.0
std,10.668343224310531,10.296646889346087,0.23682409125418766,0.0,0.0,0.0
