,RMSE,MAE,MAPE,PI Width,CI Coverage,PI Overlap
mean,649.9971080023446,570.2466247558593,13.093467995517686,0.0,0.0,0.0
std,169.78453240057112,154.70938251461587,3.534393567363971,0.0,0.0,0.0
