,RMSE,MAE,MAPE,PI Width,CI Coverage,PI Overlap
mean,2712.878403510293,2576.7049452039937,28.64796696270154,0.0,0.0,0.0
std,144.24238854064808,143.81029287746557,1.619746114643714,0.0,0.0,0.0
