,RMSE,MAE,MAPE,PI Width,CI Coverage,PI Overlap
mean,1587.5450499237163,1563.6941318088107,36.722859762985735,0.0,0.0,0.0
std,198.01500355243388,207.0712681438138,4.914385224712142,0.0,0.0,0.0
