,RMSE,MAE,MAPE,PI Width,CI Coverage,PI Overlap
mean,255.620088961718,215.28738250732422,5.124324694943795,0.0,0.0,0.0
std,95.85982725350821,97.43184238724928,2.264836013341631,0.0,0.0,0.0
