,RMSE,MAE,MAPE,PI Width,CI Coverage,PI Overlap
mean,1487.854678153593,1314.4820248074002,14.704561261052868,0.0,0.0,0.0
std,258.7069235609824,290.4111335399702,3.1461890596818347,0.0,0.0,0.0
