,RMSE,MAE,MAPE,PI Width,CI Coverage,PI Overlap
mean,249.7513989015106,208.4362528483073,4.810881604513699,0.0,0.0,0.0
std,31.688410887217145,26.20209072593228,0.5788341637910196,0.0,0.0,0.0
