,RMSE,MAE,MAPE,PI Width,CI Coverage,PI Overlap
mean,341.4479705162457,283.46793823242194,6.483471295150441,0.0,0.0,0.0
std,12.274181891647078,9.619406332650593,0.21436600012158766,0.0,0.0,0.0
