,RMSE,MAE,MAPE,PI Width,CI Coverage,PI Overlap
mean,318.95123729503797,266.1250298394097,6.1240613249479745,0.0,0.0,0.0
std,23.880339943075242,19.765124860665765,0.43503512941949896,0.0,0.0,0.0
