,RMSE,MAE,MAPE,PI Width,CI Coverage,PI Overlap
mean,245.96782445858994,208.53342352973092,4.894602201332977,0.0,0.0,0.0
std,29.5313230375682,23.172828677458167,0.48820293993553465,0.0,0.0,0.0
