,RMSE,MAE,MAPE,PI Width,CI Coverage,PI Overlap
mean,323.8135424792644,271.5305575900608,6.2389308923614015,0.0,0.0,0.0
std,23.75457559115539,19.302769044105926,0.4294931952591812,0.0,0.0,0.0
