,RMSE,MAE,MAPE,PI Width,CI Coverage,PI Overlap
mean,628.3040680153431,561.1670389811198,13.191635699839118,0.0,0.0,0.0
std,952.8306138452796,921.6885609978182,21.536653588642498,0.0,0.0,0.0
