True,Pred
3931,613.7815
3727,2897.5332
4285,721.695
3934,187.98517
4100,1703.515
4112,3075.0754
4296,1290.0142
4371,527.34827
4252,1147.0542
4529,-53.737465
4560,602.2201
4645,1177.6304
