,RMSE,MAE,MAPE,PI Width,CI Coverage,PI Overlap
mean,488011.52951945487,202029.77516974343,2366.4888419829667,0.0,0.0,0.0
std,1817555.4242947865,700330.1675771166,8251.520569789,0.0,0.0,0.0
