,RMSE,MAE,MAPE,PI Width,CI Coverage,PI Overlap
mean,520.9234289033415,457.80999281141504,10.56750322368054,0.0,0.0,0.0
std,211.42891878095224,202.3455775832744,4.625922368366517,0.0,0.0,0.0
