,RMSE,MAE,MAPE,PI Width,CI Coverage,PI Overlap
mean,335.1532709432614,279.6780795627171,6.420795535044234,0.0,0.0,0.0
std,25.6272456683861,20.96350040317924,0.4641620155526556,0.0,0.0,0.0
