,RMSE,MAE,MAPE,PI Width,CI Coverage,PI Overlap
mean,406.3898132037653,342.3428717719184,7.820906653293357,0.0,0.0,0.0
std,2.0365689618573453,1.937381590661537,0.044441418778557354,0.0,0.0,0.0
