,RMSE,MAE,MAPE,PI Width,CI Coverage,PI Overlap
mean,272.1068933024718,227.92596638997398,5.281352888298328,0.0,0.0,0.0
std,21.69473156395409,18.44735651320366,0.4095166342636095,0.0,0.0,0.0
