True,Pred
3931,3568.0864
3727,3061.584
4285,2799.6738
3934,1764.996
4100,924.5791
4112,584.88043
4296,-1163.6533
4371,-376.6493
4252,-1614.7987
4529,-348.58853
4560,-254.13066
4645,310.14835
