,RMSE,MAE,MAPE,PI Width,CI Coverage,PI Overlap
mean,3771.7188584220157,3661.634639485677,86.11444326291533,0.0,0.0,0.0
std,2479.763579005388,2371.238434279331,55.484813390565215,0.0,0.0,0.0
