True,Pred
3931,0.5990112
3727,0.5990112
4285,0.5990112
3934,0.5990112
4100,0.5990112
4112,0.5990112
4296,0.5990112
4371,0.5990112
4252,0.5990112
4529,0.5990112
4560,0.5990112
4645,0.5990112
