True,Pred
3931,0.5990112
3727,0.5990112
4285,194.36047
3934,0.5990112
4100,0.5990112
4112,10.099688
4296,0.5990112
4371,0.5990112
4252,1.0634317
4529,0.5990112
4560,0.5990112
4645,0.5990112
