True,Pred
3931,0.5982887
3727,0.5982887
4285,0.5982887
3934,0.5982887
4100,0.5982887
4112,0.5982887
4296,0.5982887
4371,0.5982887
4252,0.5982887
4529,0.5982887
4560,0.5982887
4645,0.5982887
