True,Pred
2822,0.5587677
2850,0.5587677
2634,0.5587677
2734,0.5587677
2810,0.5587677
2925,0.5587677
2970,0.5587677
2739,0.5587677
2718,0.5587677
3098,0.5587677
3416,0.5587677
3721,0.5587677
3608,0.5587677
3475,0.5587677
3384,0.5587677
3668,0.5587677
3624,0.5587677
3518,0.5587677
3695,0.5587677
3745,0.5587677
4044,0.5587677
4332,0.5587677
4006,0.5587677
4252,0.5587677
4056,0.5587677
4129,0.5587677
3950,0.5587677
3980,0.5587677
4000,0.5587677
4022,0.5587677
3832,0.5587677
3820,0.5587677
4017,0.5587677
4008,0.5587677
3671,0.5587677
4155,0.5587677
3922,0.5587677
4079,0.5587677
4063,0.5587677
4085,0.5587677
4061,0.5587677
3882,0.5587677
3999,0.5587677
3692,0.5587677
3976,0.5587677
