,RMSE,MAE,MAPE,PI Width,CI Coverage,PI Overlap
mean,436.817352725698,370.4246392144097,8.47152997110294,0.0,0.0,0.0
std,44.14994116670535,37.932349053175294,0.8430844547741383,0.0,0.0,0.0
