,RMSE,MAE,MAPE,PI Width,CI Coverage,PI Overlap
mean,363.4119363179534,301.6920010036892,6.8987411975434645,0.0,0.0,0.0
std,17.25332490727282,14.113448226289147,0.3155506270477884,0.0,0.0,0.0
