,RMSE,MAE,MAPE,PI Width,CI Coverage,PI Overlap
mean,376.8629676662123,319.72845526801217,7.335570408261079,0.0,0.0,0.0
std,71.78734009667079,62.117964587517044,1.4022669117666589,0.0,0.0,0.0
