,RMSE,MAE,MAPE,PI Width,CI Coverage,PI Overlap
mean,299.1171634112629,251.77068956163194,5.814984603079679,0.0,0.0,0.0
std,14.977796284715595,12.563738127292833,0.27365672046364486,0.0,0.0,0.0
