,RMSE,MAE,MAPE,PI Width,CI Coverage,PI Overlap
mean,3598.3453863184727,3552.9484349568684,83.99312816245643,0.0,0.0,0.0
std,1391.6521976423337,1409.099353303765,33.40913158092889,0.0,0.0,0.0
