True,Pred
3931,0.2326099
3727,0.2326099
4285,0.2326099
3934,0.2326099
4100,0.2326099
4112,4023.3638
4296,0.2326099
4371,7779.9785
4252,0.2326099
4529,2033.4086
4560,0.2326099
4645,0.2326099
