True,Pred
3931,0.221296
3727,0.221296
4285,0.221296
3934,0.221296
4100,0.221296
4112,0.221296
4296,0.221296
4371,0.221296
4252,0.221296
4529,0.221296
4560,0.221296
4645,0.221296
