,RMSE,MAE,MAPE,PI_Width,CI_Coverage,PI_Overlap
mean,520.2483383465789,412.56467248987275,12.504535166328521,0.0,0.0,0.0
std,44.06494542080639,32.99267412692591,0.7543689574961082,0.0,0.0,0.0
