,RMSE,MAE,MAPE,PI_Width,CI_Coverage,PI_Overlap
mean,641.7814627429567,583.8676289876302,13.465920076998602,0.0,0.0,0.0
std,122.76204448508287,130.50048625918132,3.0831164384758725,0.0,0.0,0.0
