True,Pred
2822.0,3683.2744
2850.0000000000005,3683.2664
2634.0,3683.2717
2734.0,3683.2666
2810.0,3683.2666
2925.0,3683.2666
2969.9999999999995,3683.2668
2739.0,3683.2668
2718.0000000000005,3683.2668
3097.9999999999995,3683.2668
3416.0,3683.2668
3721.0,3683.2668
3608.0,3683.2668
3475.0,3683.2668
3384.0,3683.2668
3668.0,3683.2668
3623.9999999999995,3683.2668
3518.0,3683.2668
3694.9999999999995,3683.2668
3745.0,3683.2668
4044.0,3683.2668
4332.0,3683.2668
4006.0,3683.2668
4252.0,3683.2668
4056.0,3683.2668
4129.0,3683.2668
3950.0,3683.2668
3980.0,3683.2668
4000.0,3683.2668
4021.9999999999995,3683.2668
3832.0,3683.2668
3820.0,3683.2668
4017.0,3683.2668
4008.0,3683.2668
3671.0,3683.2668
4155.0,3683.2668
3922.0,3683.2668
4079.0,3683.2668
4063.0,3683.2668
4085.0,3683.2668
4061.0,3683.2668
3882.0,3683.2668
3999.0,3683.2668
3692.0,3683.2668
3976.0,3683.2668
