True,Pred
2822.0,4063.9924
2850.0000000000005,4064.002
2634.0,4064.0276
2734.0,4064.034
2810.0,4064.034
2925.0,4064.034
2969.9999999999995,4064.0334
2739.0,4064.034
2718.0000000000005,4064.034
3097.9999999999995,4064.034
3416.0,4064.034
3721.0,4064.034
3608.0,4064.034
3475.0,4064.034
3384.0,4064.034
3668.0,4064.034
3623.9999999999995,4064.034
3518.0,4064.034
3694.9999999999995,4064.034
3745.0,4064.034
4044.0,4064.034
4332.0,4064.034
4006.0,4064.034
4252.0,4064.034
4056.0,4064.034
4129.0,4064.034
3950.0,4064.034
3980.0,4064.034
4000.0,4064.034
4021.9999999999995,4064.034
3832.0,4064.034
3820.0,4064.034
4017.0,4064.034
4008.0,4064.034
3671.0,4064.034
4155.0,4064.034
3922.0,4064.034
4079.0,4064.034
4063.0,4064.034
4085.0,4064.034
4061.0,4064.034
3882.0,4064.034
3999.0,4064.034
3692.0,4064.034
3976.0,4064.034
