True,Pred
2822.0,3530.3171
2850.0000000000005,3530.3115
2634.0,3530.2898
2734.0,3530.3037
2810.0,3530.3035
2925.0,3530.3037
2969.9999999999995,3530.3037
2739.0,3530.3037
2718.0000000000005,3530.3037
3097.9999999999995,3530.3037
3416.0,3530.3037
3721.0,3530.3037
3608.0,3530.3037
3475.0,3530.3037
3384.0,3530.3037
3668.0,3530.3037
3623.9999999999995,3530.3037
3518.0,3530.3037
3694.9999999999995,3530.3037
3745.0,3530.3037
4044.0,3530.3037
4332.0,3530.3037
4006.0,3530.3037
4252.0,3530.3037
4056.0,3530.3037
4129.0,3530.3037
3950.0,3530.3037
3980.0,3530.3037
4000.0,3530.3037
4021.9999999999995,3530.3037
3832.0,3530.3037
3820.0,3530.3037
4017.0,3530.3037
4008.0,3530.3037
3671.0,3530.3037
4155.0,3530.3037
3922.0,3530.3037
4079.0,3530.3037
4063.0,3530.3037
4085.0,3530.3037
4061.0,3530.3037
3882.0,3530.3037
3999.0,3530.3037
3692.0,3530.3037
3976.0,3530.3037
