True,Pred
2822.0,3450.8457
2850.0000000000005,3450.8281
2634.0,3450.8293
2734.0,3450.8242
2810.0,3450.8242
2925.0,3450.824
2969.9999999999995,3450.8245
2739.0,3450.8242
2718.0000000000005,3450.8245
3097.9999999999995,3450.8242
3416.0,3450.8242
3721.0,3450.8242
3608.0,3450.8242
3475.0,3450.8242
3384.0,3450.8242
3668.0,3450.8242
3623.9999999999995,3450.8242
3518.0,3450.8242
3694.9999999999995,3450.8242
3745.0,3450.8242
4044.0,3450.8242
4332.0,3450.8242
4006.0,3450.8242
4252.0,3450.8242
4056.0,3450.8242
4129.0,3450.8242
3950.0,3450.8242
3980.0,3450.8242
4000.0,3450.8242
4021.9999999999995,3450.8242
3832.0,3450.8242
3820.0,3450.8242
4017.0,3450.8242
4008.0,3450.8242
3671.0,3450.8242
4155.0,3450.8242
3922.0,3450.8242
4079.0,3450.8242
4063.0,3450.8242
4085.0,3450.8242
4061.0,3450.8242
3882.0,3450.8242
3999.0,3450.8242
3692.0,3450.8242
3976.0,3450.8242
