True,Pred
2822.0,3989.2673
2850.0000000000005,3989.2659
2634.0,3989.265
2734.0,3989.2644
2810.0,3989.2644
2925.0,3989.265
2969.9999999999995,3989.265
2739.0,3989.265
2718.0000000000005,3989.2644
3097.9999999999995,3989.265
3416.0,3989.265
3721.0,3989.265
3608.0,3989.2644
3475.0,3989.2644
3384.0,3989.265
3668.0,3989.265
3623.9999999999995,3989.265
3518.0,3989.265
3694.9999999999995,3989.265
3745.0,3989.2644
4044.0,3989.265
4332.0,3989.265
4006.0,3989.265
4252.0,3989.2644
4056.0,3989.2644
4129.0,3989.265
3950.0,3989.265
3980.0,3989.265
4000.0,3989.265
4021.9999999999995,3989.265
3832.0,3989.2644
3820.0,3989.265
4017.0,3989.265
4008.0,3989.265
3671.0,3989.2644
4155.0,3989.2644
3922.0,3989.265
4079.0,3989.265
4063.0,3989.265
4085.0,3989.265
4061.0,3989.265
3882.0,3989.2644
3999.0,3989.265
3692.0,3989.265
3976.0,3989.265
