,RMSE,MAE,MAPE,PI_Width,CI_Coverage,PI_Overlap
mean,621.1910795996722,561.4314948187933,12.96590977836197,0.0,0.0,0.0
std,221.68546916937393,225.95540083574963,5.274908842576818,0.0,0.0,0.0
