,RMSE,MAE,MAPE,PI Width,CI Coverage,PI Overlap
mean,290.3124509630312,249.0705098470052,5.812275017655663,0.0,0.0,0.0
std,72.47773791892976,75.4068441400893,1.813092279697117,0.0,0.0,0.0
