,RMSE,MAE,MAPE,PI Width,CI Coverage,PI Overlap
mean,1623.376308311563,1601.1772399902343,37.612586608658304,0.0,0.0,0.0
std,1.7591187242355442,1.7678293800922051,0.04115059078426995,0.0,0.0,0.0
