,RMSE,MAE,MAPE,PI Width,CI Coverage,PI Overlap
mean,319.08714154338185,273.3019297281901,6.312798228974819,0.0,0.0,0.0
std,370.82042535223525,347.1634263619281,8.042922712212944,0.0,0.0,0.0
