,RMSE,MAE,MAPE,PI Width,CI Coverage,PI Overlap
mean,2626.963835277389,2494.7325931125215,27.733491893091223,0.0,0.0,0.0
std,14.896459811984085,14.769278130503421,0.1665999173062881,0.0,0.0,0.0
