,RMSE,MAE,MAPE,PI Width,CI Coverage,PI Overlap
mean,1716.4410156725621,1560.7033637152776,17.364801617304135,0.0,0.0,0.0
std,398.6947759992618,415.41424380234156,4.605123541639474,0.0,0.0,0.0
