,RMSE,MAE,MAPE,PI_Width,CI_Coverage,PI_Overlap
mean,548.5492799309571,491.5118876139323,11.453940343951356,0.0,0.0,0.0
std,241.4007219791366,247.1277344397623,5.816493517772505,0.0,0.0,0.0
