,RMSE,MAE,MAPE,PI_Width,CI_Coverage,PI_Overlap
mean,907.8488795136291,860.1782865736219,20.22646187199517,0.0,0.0,0.0
std,1004.0068894069677,1014.0465641043387,24.002000105994448,0.0,0.0,0.0
