,RMSE,MAE,MAPE,PI Width,CI Coverage,PI Overlap
mean,2863.826270961535,2732.6606262207033,30.4304126039847,0.0,0.0,0.0
std,127.19134151105266,127.74438901471343,1.44842209624789,0.0,0.0,0.0
