,RMSE,MAE,MAPE,PI Width,CI Coverage,PI Overlap
mean,362.2158046566289,307.3987664116754,7.088881064025637,0.0,0.0,0.0
std,135.09717709480057,115.58226745609518,2.5697592720987252,0.0,0.0,0.0
