,RMSE,MAE,MAPE,PI Width,CI Coverage,PI Overlap
mean,338.93962419584255,282.59430948893225,6.483311277541791,0.0,0.0,0.0
std,4.363769833101906,3.43800865546792,0.07481789471588712,0.0,0.0,0.0
