,RMSE,MAE,MAPE,PI Width,CI Coverage,PI Overlap
mean,2842.7607807959316,2707.708664618598,30.134542954214627,0.0,0.0,0.0
std,44.372164853239845,43.90456229779106,0.4955892607499736,0.0,0.0,0.0
