,RMSE,MAE,MAPE,PI Width,CI Coverage,PI Overlap
mean,283.78077203603425,234.7389499240452,5.4099353310133536,0.0,0.0,0.0
std,23.685259327984898,21.22758262234498,0.4727268847195339,0.0,0.0,0.0
