,RMSE,MAE,MAPE,PI Width,CI Coverage,PI Overlap
mean,3635.3371087042524,3589.644069925944,84.74535371165906,0.0,0.0,0.0
std,1296.631579080691,1349.5962188401636,32.155968505221075,0.0,0.0,0.0
