True,Pred
3931,0.2996443
3727,0.2996443
4285,0.2996443
3934,-6.1606426
4100,0.2996443
4112,0.2996443
4296,0.2996443
4371,0.2996443
4252,0.2996443
4529,0.2996443
4560,0.2996443
4645,0.2996443
