True,Pred
3931,0.2994225
3727,0.2994225
4285,0.2994225
3934,0.2994225
4100,0.2994225
4112,0.2994225
4296,0.2994225
4371,0.2994225
4252,0.2994225
4529,0.2994225
4560,0.2994225
4645,0.2994225
