True,Pred
2634,0.2434107
2734,0.2434107
2810,0.2434107
2925,0.2434107
2970,0.2434107
2739,0.2434107
2718,0.2434107
3098,0.2434107
3416,0.2434107
3721,0.2434107
3608,0.2434107
3475,0.2434107
3384,0.2434107
3668,0.2434107
3624,0.2434107
3518,0.2434107
3695,0.2434107
3745,0.2434107
4044,0.2434107
4332,0.2434107
4006,0.2434107
4252,0.2434107
4056,0.2434107
4129,0.2434107
3950,0.2434107
3980,0.2434107
4000,0.2434107
4022,0.2434107
3832,0.2434107
3820,0.2434107
4017,0.2434107
4008,0.2434107
3671,0.2434107
4155,0.2434107
3922,0.2434107
4079,0.2434107
4063,0.2434107
4085,0.2434107
4061,0.2434107
3882,0.2434107
3999,0.2434107
3692,0.2434107
3976,0.2434107
