True,Pred
3931,0.2989194
3727,0.2989194
4285,0.2989194
3934,0.2989194
4100,0.2989194
4112,0.2989194
4296,0.2989194
4371,0.2989194
4252,0.2989194
4529,0.2989194
4560,0.2989194
4645,0.2989194
