True,Pred
3931,0.29602498
3727,0.29602498
4285,0.29602498
3934,0.29602498
4100,0.29602498
4112,0.29602498
4296,0.29602498
4371,0.29602498
4252,0.29602498
4529,0.29602498
4560,0.29602498
4645,0.29602498
