True,Pred
3931,0.27891326
3727,0.27891326
4285,0.27891326
3934,0.27891326
4100,0.27891326
4112,0.27891326
4296,0.27891326
4371,0.27891326
4252,0.27891326
4529,0.27891326
4560,0.27891326
4645,0.27891326
