True,Pred
3931,3891.1455
3727,3675.3247
4285,3570.936
3934,3509.656
4100,3278.1023
4112,3024.051
4296,2786.8652
4371,2450.6555
4252,1927.1284
4529,807.47345
4560,0.063536726
4645,0.063536726
