,RMSE,MAE,MAPE,PI Width,CI Coverage,PI Overlap
mean,367.28255849764315,308.3826829698351,7.066592556233993,0.0,0.0,0.0
std,98.29703974732014,86.99198789440486,1.973071033353651,0.0,0.0,0.0
