True,Pred
3931,2724.193
3727,1489.843
4285,1432.8202
3934,1657.448
4100,1420.4152
4112,805.27856
4296,583.7371
4371,720.2047
4252,638.5874
4529,368.629
4560,272.7285
4645,242.65495
