True,Pred
3931,1882.3489
3727,1750.3954
4285,864.06213
3934,560.13745
4100,394.73718
4112,230.68892
4296,187.62323
4371,103.03125
4252,70.31463
4529,46.161556
4560,32.844975
4645,22.029408
