,RMSE,MAE,MAPE,PI_Width,CI_Coverage,PI_Overlap
mean,685.5613222638661,630.8357937282985,14.578788463148461,0.0,0.0,0.0
std,140.3770981035057,149.10923943015354,3.5285908938216353,0.0,0.0,0.0
