,RMSE,MAE,MAPE,PI Width,CI Coverage,PI Overlap
mean,423.90059823015264,367.04027777777776,8.475939109356029,0.0,0.0,0.0
std,341.6309306000477,329.4505921147738,7.7093676498007655,0.0,0.0,0.0
