,RMSE,MAE,MAPE,PI Width,CI Coverage,PI Overlap
mean,414.9884146179196,350.1446197509766,7.998840308117092,0.0,0.0,0.0
std,2.839948167146611,2.5840849785524536,0.05917735198435679,0.0,0.0,0.0
