True,Pred
3931,0.5991978
3727,0.5991978
4285,0.5991978
3934,0.5991978
4100,0.5991978
4112,-932.44104
4296,-1516.1227
4371,0.5991978
4252,0.5991978
4529,0.5991978
4560,0.5991978
4645,0.5991978
