True,Pred
3931,0.5982455
3727,0.5982455
4285,0.5982455
3934,0.5982455
4100,0.5982455
4112,0.5982455
4296,0.5982455
4371,0.5982455
4252,0.5982455
4529,0.5982455
4560,0.5982455
4645,0.5982455
