True,Pred
3931,0.4831827
3727,0.4831827
4285,0.4831827
3934,-1040.955
4100,-3710.9395
4112,-5095.379
4296,-6288.6387
4371,-9314.313
4252,-14591.485
4529,-25286.143
4560,-44700.23
4645,-78870.56
