True,Pred
3931,0.59596986
3727,0.59596986
4285,0.59596986
3934,0.59596986
4100,0.59596986
4112,0.59596986
4296,0.59596986
4371,0.59596986
4252,0.59596986
4529,0.59596986
4560,0.59596986
4645,0.59596986
