True,Pred
3931,0.59891933
3727,0.59891933
4285,0.59891933
3934,0.59891933
4100,0.59891933
4112,0.59891933
4296,0.59891933
4371,0.59891933
4252,0.59891933
4529,0.59891933
4560,0.59891933
4645,0.59891933
