,RMSE,MAE,MAPE,PI Width,CI Coverage,PI Overlap
mean,3233.36937245928,3098.922944132487,34.571144912104145,0.0,0.0,0.0
std,102.12992091498172,101.59957705796853,1.1505477640283241,0.0,0.0,0.0
