,RMSE,MAE,MAPE,PI Width,CI Coverage,PI Overlap
mean,1623.3382572622952,1601.119209798177,37.61099700665852,0.0,0.0,0.0
std,1.9675329044429037,2.085673832153563,0.04985719951165416,0.0,0.0,0.0
