,RMSE,MAE,MAPE,PI Width,CI Coverage,PI Overlap
mean,501.2772498093844,426.96163711547854,10.097639499267448,0.0,0.0,0.0
std,791.6317396123932,769.7934423822428,18.118336288301617,0.0,0.0,0.0
