,RMSE,MAE,MAPE,PI Width,CI Coverage,PI Overlap
mean,1376.9304642668878,1184.2973724365233,27.23458050141389,0.0,0.0,0.0
std,1199.4744212987719,1008.0407456014171,23.090148872104866,0.0,0.0,0.0
