,RMSE,MAE,MAPE,PI_Width,CI_Coverage,PI_Overlap
mean,862.7556192997523,814.2524990505641,19.067927760165315,0.0,0.0,0.0
std,496.88251802550315,505.63172679957535,11.908007553793217,0.0,0.0,0.0
