,RMSE,MAE,MAPE,PI Width,CI Coverage,PI Overlap
mean,1781.4008531166064,1617.6664499494766,17.948186989604874,0.0,0.0,0.0
std,999.9344842788502,972.9491605042587,10.929091126368208,0.0,0.0,0.0
