,RMSE,MAE,MAPE,PI_Width,CI_Coverage,PI_Overlap
mean,609.3821489035139,552.086728922526,12.739543321586723,0.0,0.0,0.0
std,158.21784279231304,163.81768489096115,3.829316930152109,0.0,0.0,0.0
