,RMSE,MAE,MAPE,PI Width,CI Coverage,PI Overlap
mean,242.95482741526592,201.9526163736979,4.705471568447246,0.0,0.0,0.0
std,8.447199154119847,5.8094574923549125,0.1247404957525235,0.0,0.0,0.0
