,RMSE,MAE,MAPE,PI Width,CI Coverage,PI Overlap
mean,1606.9622992392462,1578.6304443359377,37.083976722793885,0.0,0.0,0.0
std,53.841433109842136,72.42332233117062,1.6981467172217277,0.0,0.0,0.0
