,RMSE,MAE,MAPE,PI Width,CI Coverage,PI Overlap
mean,310.51916319672546,257.0751668294271,5.888730523664707,0.0,0.0,0.0
std,48.54326133416175,41.06148604610844,0.9195370186671926,0.0,0.0,0.0
