,RMSE,MAE,MAPE,PI Width,CI Coverage,PI Overlap
mean,378.4160089270009,316.2777248806423,7.22189421515291,0.0,0.0,0.0
std,5.4850894035946895,5.094208950853218,0.11654299148111281,0.0,0.0,0.0
