,RMSE,MAE,MAPE,PI_Width,CI_Coverage,PI_Overlap
mean,652.0069077216707,595.7344855414497,13.760248228662077,0.0,0.0,0.0
std,194.21487971491007,202.03083114753338,4.757696873603843,0.0,0.0,0.0
