,RMSE,MAE,MAPE,PI Width,CI Coverage,PI Overlap
mean,418.5993585397681,353.24149780273433,8.076696829768748,0.0,0.0,0.0
std,57.82758391138814,50.265862103403634,1.1310868185953766,0.0,0.0,0.0
