True,Pred
2822,0.14684115
2850,0.14684115
2634,0.14684115
2734,0.14684115
2810,0.14684115
2925,0.14684115
2970,0.14684115
2739,0.14684115
2718,0.14684115
3098,0.14684115
3416,0.14684115
3721,0.14684115
3608,0.14684115
3475,0.14684115
3384,0.14684115
3668,0.14684115
3624,0.14684115
3518,0.14684115
3695,0.14684115
3745,0.14684115
4044,0.14684115
4332,0.14684115
4006,0.14684115
4252,0.14684115
4056,0.14684115
4129,0.14684115
3950,0.14684115
3980,0.14684115
4000,0.14684115
4022,0.14684115
3832,0.14684115
3820,0.14684115
4017,0.14684115
4008,0.14684115
3671,0.14684115
4155,0.14684115
3922,0.14684115
4079,0.14684115
4063,0.14684115
4085,0.14684115
4061,0.14684115
3882,0.14684115
3999,0.14684115
3692,0.14684115
3976,0.14684115
