True,Pred
3931,0.14958276
3727,0.14958276
4285,0.14958276
3934,0.14958276
4100,0.14958276
4112,0.14958276
4296,0.14958276
4371,0.14958276
4252,0.14958276
4529,0.14958276
4560,0.14958276
4645,0.14958276
