True,Pred
3931,0.14400397
3727,0.14400397
4285,0.14400397
3934,0.14400397
4100,0.14400397
4112,0.14400397
4296,0.14400397
4371,0.14400397
4252,0.14400397
4529,0.14400397
4560,0.14400397
4645,0.14400397
