True,Pred
3931,0.14990541
3727,205.55559
4285,412.469
3934,0.14990541
4100,0.14990541
4112,59.196526
4296,0.14990541
4371,0.14990541
4252,8.541624
4529,0.14990541
4560,0.14990541
4645,1.2783266
