True,Pred
3931,0.14990541
3727,121.38895
4285,152.09392
3934,0.14990541
4100,3.957506
4112,5.9765115
4296,0.14990541
4371,0.24874303
4252,0.37351835
4529,0.14990541
4560,0.14990541
4645,0.14990541
