True,Pred
2822,0.14908752
2850,0.14908752
2634,0.14908752
2734,0.14908752
2810,0.14908752
2925,0.14908752
2970,0.14908752
2739,0.14908752
2718,0.14908752
3098,0.14908752
3416,0.14908752
3721,0.14908752
3608,0.14908752
3475,0.14908752
3384,0.14908752
3668,0.14908752
3624,0.14908752
3518,0.14908752
3695,0.14908752
3745,0.14908752
4044,0.14908752
4332,0.14908752
4006,0.14908752
4252,0.14908752
4056,0.14908752
4129,0.14908752
3950,0.14908752
3980,0.14908752
4000,0.14908752
4022,0.14908752
3832,0.14908752
3820,0.14908752
4017,0.14908752
4008,0.14908752
3671,0.14908752
4155,0.14908752
3922,0.14908752
4079,0.14908752
4063,0.14908752
4085,0.14908752
4061,0.14908752
3882,0.14908752
3999,0.14908752
3692,0.14908752
3976,0.14908752
