,RMSE,MAE,MAPE,PI Width,CI Coverage,PI Overlap
mean,362.2478734696959,310.5111484103732,7.20439847670964,0.0,0.0,0.0
std,86.09432881098553,80.38794234867203,1.822500768447901,0.0,0.0,0.0
