,RMSE,MAE,MAPE,PI Width,CI Coverage,PI Overlap
mean,425.61761388122926,357.0023735894098,8.151654794264138,0.0,0.0,0.0
std,13.254729871719167,12.638855865162848,0.29056053674982696,0.0,0.0,0.0
