,RMSE,MAE,MAPE,PI Width,CI Coverage,PI Overlap
mean,351.36368837076037,291.59257269965275,6.668454678328824,0.0,0.0,0.0
std,9.198325729540633,7.285895806308417,0.1630833160271109,0.0,0.0,0.0
