,RMSE,MAE,MAPE,PI_Width,CI_Coverage,PI_Overlap
mean,615.8489664016296,560.6023390028212,13.027776837307304,0.0,0.0,0.0
std,279.2582272559673,288.6144327919041,6.7356235890042555,0.0,0.0,0.0
