,RMSE,MAE,MAPE,PI Width,CI Coverage,PI Overlap
mean,3412.40690324966,3262.728553263347,36.38067720590232,0.0,0.0,0.0
std,17.811887551587617,17.605623800083585,0.19906945376266696,0.0,0.0,0.0
