,RMSE,MAE,MAPE,PI_Width,CI_Coverage,PI_Overlap
mean,570.566475177939,517.6931294759114,12.093977590326054,0.0,0.0,0.0
std,273.33124093040414,278.2382624419173,6.488998759001315,0.0,0.0,0.0
