,RMSE,MAE,MAPE,PI_Width,CI_Coverage,PI_Overlap
mean,590.8577351992797,532.9673231336806,12.32170561878677,0.0,0.0,0.0
std,251.87363488020335,253.91112588784446,5.911573450057577,0.0,0.0,0.0
