,RMSE,MAE,MAPE,PI Width,CI Coverage,PI Overlap
mean,372.66784787758627,324.8962551540799,7.560327953928422,0.0,0.0,0.0
std,133.4042750185068,138.3771944225933,3.2991628045323536,0.0,0.0,0.0
