,Trial,Seed,Trial_Seed,Train_RMSE,Train_MAE,Train_MAPE,Train_MSE,Train_PI_Coverage,Test_RMSE,Test_MAE,Test_MAPE,Test_MSE,Test_PI_Coverage
mean,15.5,42.0,14542.0,291.64689246358597,235.74984690348307,6.172660511532239,85466.35833333334,95.81699346405227,1292.7012376511816,1109.9122416178386,18.06033950234012,1677396.4416666667,61.666666666666664
std,8.803408430829505,0.0,8803.408430829504,20.5556045633719,19.16999595856702,0.5019250178477153,11719.106347568157,2.0424723912242646,80.8571655181182,93.0486057374667,1.6019950625957842,209803.2148181709,6.033114240004922
min,1.0,42.0,42.0,236.42733093384106,182.71038818359375,4.81019335387703,55897.8828125,92.15686274509804,1106.0190436877658,891.17578125,14.30875879454213,1223278.125,58.333333333333336
max,30.0,42.0,29042.0,326.80479647642875,269.52777099609375,7.06222191880793,106801.375,98.0392156862745,1462.225187855824,1300.8748779296875,21.347217765510244,2138102.5,75.0
