,RMSE,MAE,MAPE,PI_Width,CI_Coverage,PI_Overlap
mean,576.6545232268804,516.1472629123265,11.876800146741596,0.0,0.0,0.0
std,123.06135342999153,128.6509400885768,3.0206224637664003,0.0,0.0,0.0
