,RMSE,MAE,MAPE,PI Width,CI Coverage,PI Overlap
mean,409.0863878681608,342.98406575520835,7.835296284056514,0.0,0.0,0.0
std,6.82894752746003,6.729634543232059,0.15483849381444745,0.0,0.0,0.0
