,RMSE,MAE,MAPE,PI Width,CI Coverage,PI Overlap
mean,1622.502202575826,1600.1548692491317,37.58878840704977,0.0,0.0,0.0
std,6.546793015314989,7.367584550442971,0.17149870927474456,0.0,0.0,0.0
