True,Pred
3931,0.199523
3727,0.199523
4285,0.199523
3934,0.199523
4100,0.199523
4112,0.199523
4296,0.199523
4371,0.199523
4252,0.199523
4529,0.199523
4560,0.199523
4645,0.199523
