True,Pred
3931,0.19984002
3727,0.19984002
4285,0.19984002
3934,0.19984002
4100,0.19984002
4112,0.19984002
4296,0.19984002
4371,0.19984002
4252,0.19984002
4529,0.19984002
4560,0.19984002
4645,0.19984002
