True,Pred
3931,0.19938011
3727,0.19938011
4285,0.19938011
3934,0.19938011
4100,0.19938011
4112,0.19938011
4296,0.19938011
4371,0.19938011
4252,0.19938011
4529,0.19938011
4560,0.19938011
4645,0.19938011
