True,Pred
3931,3701.454
3727,3419.5427
4285,3077.0498
3934,2749.0608
4100,2096.976
4112,1525.6924
4296,1283.8694
4371,876.93665
4252,725.0493
4529,795.68085
4560,969.9413
4645,1390.3041
