True,Pred
3931,0.10007065
3727,416.01917
4285,1554.7194
3934,0.10007065
4100,0.10007065
4112,107.40418
4296,0.10007065
4371,0.10007065
4252,0.10007065
4529,0.10007065
4560,0.10007065
4645,0.10007065
