True,Pred
3931,0.07655032
3727,0.07655032
4285,0.07655032
3934,0.07655032
4100,0.07655032
4112,0.07655032
4296,0.07655032
4371,0.07655032
4252,0.07655032
4529,0.07655032
4560,0.07655032
4645,0.07655032
