True,Pred
3931,0.09613427
3727,0.09613427
4285,0.09613427
3934,0.09613427
4100,0.09613427
4112,0.09613427
4296,0.09613427
4371,0.09613427
4252,0.09613427
4529,0.09613427
4560,0.09613427
4645,0.09613427
