True,Pred
3931,0.09994379
3727,0.09994379
4285,0.09994379
3934,0.09994379
4100,0.09994379
4112,0.09994379
4296,0.09994379
4371,0.09994379
4252,0.09994379
4529,0.09994379
4560,0.09994379
4645,0.09994379
