True,Pred
3931,0.09748715
3727,0.09748715
4285,0.09748715
3934,0.09748715
4100,0.09748715
4112,0.09748715
4296,0.09748715
4371,0.09748715
4252,0.09748715
4529,0.09748715
4560,0.09748715
4645,0.09748715
