True,Pred
3931,0.09990124
3727,144.61354
4285,115.71079
3934,605.67694
4100,504.34872
4112,804.9892
4296,639.9668
4371,466.95712
4252,460.9399
4529,0.09990124
4560,0.09990124
4645,0.09990124
