True,Pred
3931,0.09990124
3727,0.09990124
4285,0.09990124
3934,0.09990124
4100,0.09990124
4112,0.09990124
4296,0.09990124
4371,-1381.2977
4252,-1075.8337
4529,-589.9168
4560,-198.87929
4645,0.09990124
