True,Pred
3931,0.09990124
3727,0.09990124
4285,0.09990124
3934,0.09990124
4100,0.09990124
4112,-122.861534
4296,-180.8457
4371,-2286.3909
4252,-1515.0027
4529,-1797.389
4560,0.09990124
4645,-1994.4901
