,RMSE,MAE,MAPE,PI Width,CI Coverage,PI Overlap
mean,642.0278985947698,516.563596089681,11.879827896943539,0.0,0.0,0.0
std,587.2292238290817,417.1808557862795,9.35738561346506,0.0,0.0,0.0
