,RMSE,MAE,MAPE,PI Width,CI Coverage,PI Overlap
mean,333417.74433447234,164806.18105051515,1906.3410845423516,0.0,0.0,0.0
std,1643809.7383308038,786999.4581624356,9136.23705865211,0.0,0.0,0.0
