,RMSE,MAE,MAPE,PI Width,CI Coverage,PI Overlap
mean,320.51469309472526,268.61946614583337,6.171328459134918,0.0,0.0,0.0
std,15.801561115584152,13.089140257841402,0.29147791786374294,0.0,0.0,0.0
