,Trial,Seed,Trial_Seed,Train_RMSE,Train_MAE,Train_MAPE,Train_MSE,Train_PI_Coverage,Test_RMSE,Test_MAE,Test_MAPE,Test_MSE,Test_PI_Coverage
mean,15.5,123.0,14623.0,620.4048940361387,572.3581253051758,14.998980473795426,501514.49947916664,46.78787878787878,2457.9515101571637,2215.715861002604,37.19063420089199,7068708.002083333,45.0
std,8.803408430829505,0.0,8803.408430829504,347.3231630457594,355.2568929083012,9.268934213637555,578368.9308113562,35.766040476584216,1030.8261045023894,1024.4338389639822,17.22669395228926,5703615.084975755,24.913643956121994
min,1.0,123.0,123.0,199.5159572252305,163.79147338867188,4.354408568010369,39806.6171875,0.0,808.8353896189261,652.249755859375,10.651834470316663,654214.6875,16.666666666666664
max,30.0,123.0,29123.0,1668.2774049899494,1638.5372314453125,42.89926142854553,2783149.5,98.18181818181819,4794.110344996244,4445.8515625,74.06718866494987,22983494.0,91.66666666666666
