Test_True,Test_Pred,Test_Lower,Test_Upper
4727,4126.6953,1999.762,6253.629
4696,3843.6338,1716.7004,5970.5674
5365,3584.3123,1457.3789,5711.2456
6027,3299.1194,1172.186,5426.0527
7419,3197.2896,1070.3562,5324.2227
6307,2988.191,861.25757,5115.124
6343,2861.392,734.45874,4988.325
6165,2710.03,583.0967,4836.9634
5683,2547.6877,420.7544,4674.621
5613,2421.867,294.9336,4548.8003
5613,2269.3535,142.42017,4396.287
5792,2148.2256,21.292236,4275.159
