Test_True,Test_Pred,Test_Lower,Test_Upper
4727,4192.783,1963.3071,6422.2593
4696,4132.0693,1902.5933,6361.5454
5365,3881.6,1652.124,6111.076
6027,3554.9114,1325.4353,5784.3877
7419,3389.0354,1159.5593,5618.5117
6307,3179.4717,949.9956,5408.9478
6343,2922.7678,693.29175,5152.244
6165,2776.6875,547.2114,5006.1636
5683,2587.577,358.10083,4817.0527
5613,2401.035,171.55884,4630.5107
5613,2267.1792,37.703125,4496.6553
5792,2111.3853,-118.09082,4340.8613
