Test_True,Test_Pred,Test_Lower,Test_Upper
4727,3675.1455,1606.9529,5743.338
4696,3726.9265,1658.7339,5795.119
5365,3449.4448,1381.2522,5517.6377
6027,2933.3286,865.136,5001.5215
7419,3415.0405,1346.8479,5483.2334
6307,2460.6038,392.41113,4528.7964
6343,2754.801,686.6084,4822.9937
6165,2662.7058,594.5132,4730.8984
5683,1881.196,-186.99658,3949.3887
5613,2787.0676,718.875,4855.2603
5613,1992.789,-75.40369,4060.9814
5792,1854.8639,-213.32874,3923.0566
