Test_True,Test_Pred,Test_Lower,Test_Upper
4727,3313.9155,548.0034,6079.8276
4696,3110.825,344.91284,5876.7373
5365,2842.511,76.59888,5608.423
6027,2297.7573,-468.1548,5063.6694
7419,1398.8966,-1367.0155,4164.8086
6307,1735.942,-1029.9701,4501.854
6343,1665.693,-1100.2191,4431.605
6165,1102.5244,-1663.3877,3868.4365
5683,779.66364,-1986.2485,3545.5757
5613,1106.2372,-1659.6749,3872.1494
5613,934.2913,-1831.6208,3700.2034
5792,501.19812,-2264.7139,3267.1104
