Test_True,Test_Pred,Test_Lower,Test_Upper
4727,3223.9321,900.4099,5547.454
4696,2562.5195,238.99731,4886.042
5365,1777.0643,-546.4579,4100.5864
6027,1376.3552,-947.167,3699.8774
7419,1898.9913,-424.53088,4222.5137
6307,1851.9558,-471.5664,4175.478
6343,1855.0695,-468.45276,4178.592
6165,1346.7861,-976.7361,3670.3083
5683,975.01404,-1348.5082,3298.5361
5613,681.30804,-1642.2141,3004.8303
5613,489.97122,-1833.551,2813.4934
5792,665.0464,-1658.4758,2988.5686
