Test_True,Test_Pred,Test_Lower,Test_Upper
4727,4133.726,2070.7222,6196.73
4696,3958.0386,1895.0347,6021.0425
5365,3687.7903,1624.7864,5750.794
6027,3546.6782,1483.6743,5609.682
7419,3366.872,1303.8682,5429.876
6307,3155.048,1092.0442,5218.052
6343,3010.9966,947.9927,5074.0005
6165,2846.6008,783.5969,4909.6045
5683,2690.772,627.76807,4753.776
5613,2555.116,492.11206,4618.12
5613,2416.1875,353.1836,4479.1914
5792,2288.6719,225.66797,4351.676
