,RMSE,MAE,MAPE,PI Width,CI Coverage,PI Overlap
mean,355.65635080942246,295.4975118001302,6.756210697774804,0.0,0.0,0.0
std,5.92106689111129,4.668779800481731,0.10426868913953923,0.0,0.0,0.0
