{
  "num_trials": 40,
  "timestamp": "2025-07-24T17:23:30.657156",
  "metrics": {
    "train_rmse": {
      "mean": 282.67346079696233,
      "std": 25.145911333602072,
      "lower_ci": 274.8806621387895,
      "upper_ci": 290.4662594551352,
      "ci_width": 15.585597316345684
    },
    "train_mae": {
      "mean": 228.6720578661152,
      "std": 21.57148080001447,
      "lower_ci": 221.9869867067128,
      "upper_ci": 235.35712902551762,
      "ci_width": 13.370142318804824
    },
    "train_mape": {
      "mean": 5.9936808394414705,
      "std": 0.5618249982890443,
      "lower_ci": 5.81956946862214,
      "upper_ci": 6.167792210260801,
      "ci_width": 0.3482227416386614
    },
    "train_pi_coverage": {
      "mean": 95.88235294117646,
      "std": 1.7427832190814887,
      "lower_ci": 95.34225882603512,
      "upper_ci": 96.42244705631781,
      "ci_width": 1.0801882302826868
    },
    "test_rmse": {
      "mean": 1275.2191787042743,
      "std": 97.52483774444985,
      "lower_ci": 1244.995918364614,
      "upper_ci": 1305.4424390439347,
      "ci_width": 60.446520679320656
    },
    "test_mae": {
      "mean": 1089.5267242431642,
      "std": 119.16925324914202,
      "lower_ci": 1052.5957900449505,
      "upper_ci": 1126.4576584413778,
      "ci_width": 73.86186839642733
    },
    "test_mape": {
      "mean": 17.717166884607828,
      "std": 2.0638821714139426,
      "lower_ci": 17.07756317318738,
      "upper_ci": 18.356770596028277,
      "ci_width": 1.2792074228408978
    },
    "test_pi_coverage": {
      "mean": 63.125,
      "std": 8.516222264987373,
      "lower_ci": 60.485795377075384,
      "upper_ci": 65.76420462292461,
      "ci_width": 5.278409245849225
    }
  }
}