{
  "num_trials": 30,
  "timestamp": "2025-07-24T17:22:26.986744",
  "metrics": {
    "train_rmse": {
      "mean": 279.87353686627597,
      "std": 25.803489134098566,
      "lower_ci": 270.63987686636693,
      "upper_ci": 289.107196866185,
      "ci_width": 18.467319999818073
    },
    "train_mae": {
      "mean": 226.562624304279,
      "std": 21.928057214123225,
      "lower_ci": 218.71576980636542,
      "upper_ci": 234.4094788021926,
      "ci_width": 15.693708995827194
    },
    "train_mape": {
      "mean": 5.942615361779548,
      "std": 0.5710910202613446,
      "lower_ci": 5.738253064778172,
      "upper_ci": 6.146977658780923,
      "ci_width": 0.4087245940027504
    },
    "train_pi_coverage": {
      "mean": 96.07843137254899,
      "std": 1.7537788058821886,
      "lower_ci": 95.45084968681631,
      "upper_ci": 96.70601305828167,
      "ci_width": 1.2551633714653576
    },
    "test_rmse": {
      "mean": 1258.8448453218566,
      "std": 100.16770505056938,
      "lower_ci": 1223.0002924165722,
      "upper_ci": 1294.689398227141,
      "ci_width": 71.68910581056889
    },
    "test_mae": {
      "mean": 1070.3299831814238,
      "std": 122.72956654079466,
      "lower_ci": 1026.411771830837,
      "upper_ci": 1114.2481945320105,
      "ci_width": 87.83642270117343
    },
    "test_mape": {
      "mean": 17.386752316657276,
      "std": 2.1218052514881256,
      "lower_ci": 16.627474058726936,
      "upper_ci": 18.146030574587616,
      "ci_width": 1.5185565158606806
    },
    "test_pi_coverage": {
      "mean": 64.16666666666666,
      "std": 9.166666666666668,
      "lower_ci": 60.886417127830164,
      "upper_ci": 67.44691620550316,
      "ci_width": 6.5604990776729935
    }
  }
}