{
  "num_trials": 70,
  "timestamp": "2025-07-24T17:26:41.857427",
  "metrics": {
    "train_rmse": {
      "mean": 286.8214282993819,
      "std": 27.461272428610297,
      "lower_ci": 280.38821860212335,
      "upper_ci": 293.2546379966405,
      "ci_width": 12.866419394517152
    },
    "train_mae": {
      "mean": 231.8375049922313,
      "std": 22.718822163915974,
      "lower_ci": 226.51528449297552,
      "upper_ci": 237.15972549148705,
      "ci_width": 10.644440998511527
    },
    "train_mape": {
      "mean": 6.071937505512155,
      "std": 0.5962116425485022,
      "lower_ci": 5.93226609988328,
      "upper_ci": 6.21160891114103,
      "ci_width": 0.2793428112577505
    },
    "train_pi_coverage": {
      "mean": 95.85434173669465,
      "std": 1.861428316620297,
      "lower_ci": 95.4182745905577,
      "upper_ci": 96.2904088828316,
      "ci_width": 0.8721342922738984
    },
    "test_rmse": {
      "mean": 1286.2062591601373,
      "std": 84.83096465219111,
      "lower_ci": 1266.3333495618294,
      "upper_ci": 1306.0791687584451,
      "ci_width": 39.745819196615685
    },
    "test_mae": {
      "mean": 1102.7798089890255,
      "std": 103.40556282220376,
      "lower_ci": 1078.5555247273385,
      "upper_ci": 1127.0040932507125,
      "ci_width": 48.44856852337398
    },
    "test_mape": {
      "mean": 17.942475457923045,
      "std": 1.7935231347648142,
      "lower_ci": 17.522316106136937,
      "upper_ci": 18.362634809709153,
      "ci_width": 0.8403187035722155
    },
    "test_pi_coverage": {
      "mean": 61.66666666666664,
      "std": 6.957923426763075,
      "lower_ci": 60.036670074986496,
      "upper_ci": 63.29666325834679,
      "ci_width": 3.2599931833602938
    }
  }
}