{
  "num_trials": 20,
  "timestamp": "2025-07-24T17:21:23.271106",
  "metrics": {
    "train_rmse": {
      "mean": 284.91265034341643,
      "std": 25.92283734692285,
      "lower_ci": 273.55146595384804,
      "upper_ci": 296.2738347329848,
      "ci_width": 22.722368779136787
    },
    "train_mae": {
      "mean": 230.23926307827819,
      "std": 22.566766044890866,
      "lower_ci": 220.348941788171,
      "upper_ci": 240.12958436838537,
      "ci_width": 19.780642580214362
    },
    "train_mape": {
      "mean": 6.038251241899966,
      "std": 0.5902151418296088,
      "lower_ci": 5.779578050917752,
      "upper_ci": 6.29692443288218,
      "ci_width": 0.517346381964428
    },
    "train_pi_coverage": {
      "mean": 95.6862745098039,
      "std": 1.818356567744256,
      "lower_ci": 94.88934460681325,
      "upper_ci": 96.48320441279454,
      "ci_width": 1.5938598059812819
    },
    "test_rmse": {
      "mean": 1271.2166348754413,
      "std": 88.23061112155638,
      "lower_ci": 1232.547864619268,
      "upper_ci": 1309.8854051316146,
      "ci_width": 77.33754051234655
    },
    "test_mae": {
      "mean": 1084.9348876953125,
      "std": 106.4463459229708,
      "lower_ci": 1038.2827196690293,
      "upper_ci": 1131.5870557215956,
      "ci_width": 93.30433605256621
    },
    "test_mape": {
      "mean": 17.636702174862155,
      "std": 1.8367991033390059,
      "lower_ci": 16.831689474271126,
      "upper_ci": 18.441714875453183,
      "ci_width": 1.6100254011820567
    },
    "test_pi_coverage": {
      "mean": 63.75,
      "std": 8.447139555297206,
      "lower_ci": 60.04787786082991,
      "upper_ci": 67.45212213917009,
      "ci_width": 7.40424427834018
    }
  }
}