{
  "num_trials": 90,
  "timestamp": "2025-07-24T17:28:49.476384",
  "metrics": {
    "train_rmse": {
      "mean": 287.2742573430511,
      "std": 25.61607602162522,
      "lower_ci": 281.9819212066862,
      "upper_ci": 292.566593479416,
      "ci_width": 10.58467227272979
    },
    "train_mae": {
      "mean": 232.57217206435524,
      "std": 21.328116053499897,
      "lower_ci": 228.16573763563045,
      "upper_ci": 236.97860649308004,
      "ci_width": 8.812868857449587
    },
    "train_mape": {
      "mean": 6.0922619342399535,
      "std": 0.5597212978591892,
      "lower_ci": 5.97662231603877,
      "upper_ci": 6.207901552441137,
      "ci_width": 0.2312792364023668
    },
    "train_pi_coverage": {
      "mean": 95.90413943355121,
      "std": 1.817050933507019,
      "lower_ci": 95.52873282135594,
      "upper_ci": 96.27954604574647,
      "ci_width": 0.7508132243905266
    },
    "test_rmse": {
      "mean": 1283.2808404351322,
      "std": 87.349239779172,
      "lower_ci": 1265.2343005288228,
      "upper_ci": 1301.3273803414415,
      "ci_width": 36.093079812618726
    },
    "test_mae": {
      "mean": 1099.0512048791957,
      "std": 108.1028896613297,
      "lower_ci": 1076.7169164847853,
      "upper_ci": 1121.385493273606,
      "ci_width": 44.6685767888207
    },
    "test_mape": {
      "mean": 17.879557385763043,
      "std": 1.870128110632795,
      "lower_ci": 17.493184915163788,
      "upper_ci": 18.2659298563623,
      "ci_width": 0.7727449411985106
    },
    "test_pi_coverage": {
      "mean": 61.57407407407407,
      "std": 7.103125338522467,
      "lower_ci": 60.10655317514888,
      "upper_ci": 63.041594972999256,
      "ci_width": 2.9350417978503742
    }
  }
}