{
  "num_trials": 80,
  "timestamp": "2025-07-24T17:27:45.663472",
  "metrics": {
    "train_rmse": {
      "mean": 287.03551486973436,
      "std": 26.201030148362253,
      "lower_ci": 281.2939609894929,
      "upper_ci": 292.7770687499758,
      "ci_width": 11.48310776048288
    },
    "train_mae": {
      "mean": 232.16748322131588,
      "std": 21.781536092928498,
      "lower_ci": 227.39439367621685,
      "upper_ci": 236.9405727664149,
      "ci_width": 9.546179090198052
    },
    "train_mape": {
      "mean": 6.081359045698237,
      "std": 0.5715105267845015,
      "lower_ci": 5.956121279699045,
      "upper_ci": 6.2065968116974295,
      "ci_width": 0.2504755319983847
    },
    "train_pi_coverage": {
      "mean": 95.88235294117646,
      "std": 1.8498002219718832,
      "lower_ci": 95.47699759514637,
      "upper_ci": 96.28770828720656,
      "ci_width": 0.8107106920601836
    },
    "test_rmse": {
      "mean": 1285.8413365149063,
      "std": 81.48808577637487,
      "lower_ci": 1267.9844723979802,
      "upper_ci": 1303.6982006318324,
      "ci_width": 35.71372823385218
    },
    "test_mae": {
      "mean": 1102.122994486491,
      "std": 99.47657640869822,
      "lower_ci": 1080.3242285586487,
      "upper_ci": 1123.9217604143334,
      "ci_width": 43.59753185568479
    },
    "test_mape": {
      "mean": 17.930427877634575,
      "std": 1.7263536220532474,
      "lower_ci": 17.5521239605274,
      "upper_ci": 18.30873179474175,
      "ci_width": 0.7566078342143499
    },
    "test_pi_coverage": {
      "mean": 61.5625,
      "std": 6.652817646598235,
      "lower_ci": 60.10463705502902,
      "upper_ci": 63.02036294497098,
      "ci_width": 2.915725889941953
    }
  }
}