{
  "num_trials": 50,
  "timestamp": "2025-07-24T17:24:34.269630",
  "metrics": {
    "train_rmse": {
      "mean": 285.3055159662195,
      "std": 29.932472346744206,
      "lower_ci": 277.00865792998735,
      "upper_ci": 293.60237400245165,
      "ci_width": 16.593716072464304
    },
    "train_mae": {
      "mean": 230.69343481924017,
      "std": 24.094188846026768,
      "lower_ci": 224.01486640571596,
      "upper_ci": 237.37200323276437,
      "ci_width": 13.357136827048407
    },
    "train_mape": {
      "mean": 6.044316139566564,
      "std": 0.6323793032926274,
      "lower_ci": 5.869029539659589,
      "upper_ci": 6.2196027394735385,
      "ci_width": 0.3505731998139492
    },
    "train_pi_coverage": {
      "mean": 95.80392156862744,
      "std": 1.8811270517978755,
      "lower_ci": 95.28249975234435,
      "upper_ci": 96.32534338491054,
      "ci_width": 1.0428436325661892
    },
    "test_rmse": {
      "mean": 1280.7344197003017,
      "std": 92.47137132998556,
      "lower_ci": 1255.1026632769453,
      "upper_ci": 1306.366176123658,
      "ci_width": 51.26351284671273
    },
    "test_mae": {
      "mean": 1096.1091951497397,
      "std": 112.99072374929672,
      "lower_ci": 1064.7897644158127,
      "upper_ci": 1127.4286258836667,
      "ci_width": 62.638861467853985
    },
    "test_mape": {
      "mean": 17.82844729988703,
      "std": 1.9586422975196724,
      "lower_ci": 17.285539353693007,
      "upper_ci": 18.371355246081055,
      "ci_width": 1.085815892388048
    },
    "test_pi_coverage": {
      "mean": 62.5,
      "std": 7.8616509433805035,
      "lower_ci": 60.3208615361927,
      "upper_ci": 64.6791384638073,
      "ci_width": 4.358276927614604
    }
  }
}