{
  "num_trials": 60,
  "timestamp": "2025-07-24T17:25:38.063470",
  "metrics": {
    "train_rmse": {
      "mean": 286.45417104795814,
      "std": 27.897634961322314,
      "lower_ci": 279.39509544184483,
      "upper_ci": 293.51324665407145,
      "ci_width": 14.118151212226621
    },
    "train_mae": {
      "mean": 231.7147429023693,
      "std": 22.56787523407624,
      "lower_ci": 226.00428257956617,
      "upper_ci": 237.42520322517242,
      "ci_width": 11.420920645606259
    },
    "train_mape": {
      "mean": 6.069322537562635,
      "std": 0.5923806406395928,
      "lower_ci": 5.919429554316197,
      "upper_ci": 6.2192155208090725,
      "ci_width": 0.29978596649287503
    },
    "train_pi_coverage": {
      "mean": 95.84967320261437,
      "std": 1.8633183385814942,
      "lower_ci": 95.37818861087244,
      "upper_ci": 96.3211577943563,
      "ci_width": 0.9429691834838536
    },
    "test_rmse": {
      "mean": 1284.8512628885135,
      "std": 87.65858689631504,
      "lower_ci": 1262.6705800713485,
      "upper_ci": 1307.0319457056785,
      "ci_width": 44.361365634330014
    },
    "test_mae": {
      "mean": 1100.98772922092,
      "std": 107.11376714130817,
      "lower_ci": 1073.8842065834488,
      "upper_ci": 1128.0912518583914,
      "ci_width": 54.20704527494263
    },
    "test_mape": {
      "mean": 17.912053317005565,
      "std": 1.8575005323367713,
      "lower_ci": 17.442040833354532,
      "upper_ci": 18.382065800656598,
      "ci_width": 0.9400249673020653
    },
    "test_pi_coverage": {
      "mean": 61.94444444444445,
      "std": 7.3545568304854045,
      "lower_ci": 60.08348480439499,
      "upper_ci": 63.80540408449391,
      "ci_width": 3.7219192800989163
    }
  }
}