{
  "num_trials": 10,
  "timestamp": "2025-07-24T17:20:20.181334",
  "metrics": {
    "train_rmse": {
      "mean": 289.30133925698385,
      "std": 26.11399494145978,
      "lower_ci": 273.1157175040427,
      "upper_ci": 305.486961009925,
      "ci_width": 32.37124350588226
    },
    "train_mae": {
      "mean": 234.65022977941175,
      "std": 24.001121707807275,
      "lower_ci": 219.7741804242778,
      "upper_ci": 249.5262791345457,
      "ci_width": 29.752098710267887
    },
    "train_mape": {
      "mean": 6.161941302618898,
      "std": 0.6212134198444939,
      "lower_ci": 5.776909235943773,
      "upper_ci": 6.546973369294022,
      "ci_width": 0.7700641333502496
    },
    "train_pi_coverage": {
      "mean": 96.27450980392157,
      "std": 1.8498002219718832,
      "lower_ci": 95.1279917480492,
      "upper_ci": 97.42102785979395,
      "ci_width": 2.2930361117447546
    },
    "test_rmse": {
      "mean": 1251.1918332074197,
      "std": 84.20038906869554,
      "lower_ci": 1199.003891378853,
      "upper_ci": 1303.3797750359863,
      "ci_width": 104.37588365713327
    },
    "test_mae": {
      "mean": 1061.3570393880207,
      "std": 104.53613807334507,
      "lower_ci": 996.5648697425358,
      "upper_ci": 1126.1492090335055,
      "ci_width": 129.58433929096964
    },
    "test_mape": {
      "mean": 17.230924893542568,
      "std": 1.8084604583860209,
      "lower_ci": 16.11002948859958,
      "upper_ci": 18.351820298485556,
      "ci_width": 2.241790809885977
    },
    "test_pi_coverage": {
      "mean": 64.16666666666667,
      "std": 9.166666666666668,
      "lower_ci": 58.485107803897485,
      "upper_ci": 69.84822552943587,
      "ci_width": 11.36311772553838
    }
  }
}