True,Pred
3931,0.49864566
3727,0.49864566
4285,0.49864566
3934,0.49864566
4100,0.49864566
4112,0.49864566
4296,0.49864566
4371,0.49864566
4252,0.49864566
4529,0.49864566
4560,0.49864566
4645,0.49864566
