True,Pred
3931,0.08945868
3727,0.08945868
4285,0.08945868
3934,0.08945868
4100,0.08945868
4112,0.08945868
4296,0.08945868
4371,0.08945868
4252,0.08945868
4529,0.08945868
4560,0.08945868
4645,0.08945868
