True,Pred
3931,0.09182732
3727,0.09182732
4285,0.09182732
3934,0.09182732
4100,241.97337
4112,1737.5059
4296,0.09182732
4371,350.51392
4252,0.09182732
4529,0.09182732
4560,0.09182732
4645,0.09182732
