True,Pred
3931,3843.485
3727,3562.0762
4285,3227.3242
3934,2776.4507
4100,1936.8115
4112,449.2295
4296,0.028241754
4371,0.028241754
4252,0.028241754
4529,0.028241754
4560,0.028241754
4645,0.028241754
