True,Pred
3931,3773.4822
3727,3459.3796
4285,3107.9587
3934,2667.3408
4100,1965.511
4112,1023.44855
4296,104.7684
4371,0.024651337
4252,0.024651337
4529,0.024651337
4560,0.024651337
4645,0.024651337
