True,Pred
3931,0.27433565
3727,0.27433565
4285,0.27433565
3934,0.27433565
4100,0.27433565
4112,0.27433565
4296,-38.48985
4371,-44.93479
4252,-36.51835
4529,-50.338158
4560,-69.06762
4645,-84.62172
