True,Pred
3931,0.25650543
3727,0.25650543
4285,0.25650543
3934,0.25650543
4100,0.25650543
4112,0.25650543
4296,0.25650543
4371,0.25650543
4252,0.25650543
4529,0.25650543
4560,0.25650543
4645,0.25650543
