True,Pred
3931,0.29985917
3727,0.29985917
4285,0.29985917
3934,0.29985917
4100,0.29985917
4112,0.29985917
4296,0.29985917
4371,0.29985917
4252,0.29985917
4529,0.29985917
4560,0.29985917
4645,0.29985917
