True,Pred
3931,0.29797
3727,0.29797
4285,0.29797
3934,0.29797
4100,0.29797
4112,-1192.1353
4296,-2561.41
4371,-3281.2163
4252,-1432.7876
4529,0.29797
4560,0.29797
4645,-1042.6431
