True,Pred
3931,0.29988322
3727,0.29988322
4285,0.29988322
3934,0.29988322
4100,0.29988322
4112,-419.8014
4296,-46.06023
4371,-18.233746
4252,-94.744194
4529,0.29988322
4560,-143.27975
4645,0.29988322
