True,Pred
3931,0.29977858
3727,0.29977858
4285,0.29977858
3934,0.29977858
4100,0.29977858
4112,0.29977858
4296,0.29977858
4371,0.29977858
4252,0.29977858
4529,0.29977858
4560,0.29977858
4645,0.29977858
