True,Pred
3931,0.2974542
3727,0.2974542
4285,0.2974542
3934,0.2974542
4100,0.2974542
4112,0.2974542
4296,0.2974542
4371,0.2974542
4252,0.2974542
4529,0.2974542
4560,0.2974542
4645,0.2974542
