True,Pred
3931,0.29991636
3727,0.29991636
4285,0.29991636
3934,2972.9036
4100,0.29991636
4112,1758.7607
4296,0.29991636
4371,0.29991636
4252,0.29991636
4529,0.29991636
4560,2444.2605
4645,0.29991636
