,RMSE,MAE,MAPE,PI Width,CI Coverage,PI Overlap
mean,453.863683308801,386.6641092936198,8.850719417561754,0.0,0.0,0.0
std,61.37820618157307,56.60114268561568,1.2929227001460042,0.0,0.0,0.0
