,RMSE,MAE,MAPE,PI_Width,CI_Coverage,PI_Overlap
mean,635.969463603838,581.767180718316,13.462770996038948,0.0,0.0,0.0
std,268.12786548531824,276.70216627662984,6.508339578177567,0.0,0.0,0.0
