,RMSE,MAE,MAPE,PI Width,CI Coverage,PI Overlap
mean,269.5439218026511,224.85878194173176,5.149115362128,0.0,0.0,0.0
std,15.588552334181163,13.063978465964377,0.29551034146949173,0.0,0.0,0.0
