,RMSE,MAE,MAPE,PI_Width,CI_Coverage,PI_Overlap
mean,661.4637447582347,604.8479566786025,13.973995073780625,0.0,0.0,0.0
std,205.4655109148398,212.23399743081595,4.987583734666628,0.0,0.0,0.0
