,RMSE,MAE,MAPE,PI Width,CI Coverage,PI Overlap
mean,19782.550248278265,12616.056114434536,142.81219726216767,0.0,0.0,0.0
std,35039.23991530576,18138.910112308266,206.04282022975815,0.0,0.0,0.0
