,RMSE,MAE,MAPE,PI_Width,CI_Coverage,PI_Overlap
mean,528.2624182016774,469.1252461751302,10.83664907098558,0.0,0.0,0.0
std,164.57278791623216,167.48183080226096,3.9134897800165325,0.0,0.0,0.0
