True,Pred
2822.0,3574.9624
2850.0000000000005,3574.953
2634.0,3574.9534
2734.0,3574.95
2810.0,3574.95
2925.0,3574.9502
2969.9999999999995,3574.9502
2739.0,3574.9502
2718.0000000000005,3574.9502
3097.9999999999995,3574.95
3416.0,3574.9502
3721.0,3574.9502
3608.0,3574.9502
3475.0,3574.95
3384.0,3574.9502
3668.0,3574.9502
3623.9999999999995,3574.9502
3518.0,3574.95
3694.9999999999995,3574.9502
3745.0,3574.9502
4044.0,3574.9502
4332.0,3574.95
4006.0,3574.9502
4252.0,3574.9502
4056.0,3574.9502
4129.0,3574.95
3950.0,3574.9502
3980.0,3574.9502
4000.0,3574.9502
4021.9999999999995,3574.95
3832.0,3574.9502
3820.0,3574.9502
4017.0,3574.9502
4008.0,3574.95
3671.0,3574.9502
4155.0,3574.9502
3922.0,3574.9502
4079.0,3574.95
4063.0,3574.9502
4085.0,3574.9502
4061.0,3574.9502
3882.0,3574.95
3999.0,3574.9502
3692.0,3574.9502
3976.0,3574.9502
