True,Pred
2822.0,4102.9756
2850.0000000000005,4102.975
2634.0,4103.0127
2734.0,4103.025
2810.0,4103.025
2925.0,4103.025
2969.9999999999995,4103.025
2739.0,4103.0244
2718.0000000000005,4103.025
3097.9999999999995,4103.025
3416.0,4103.025
3721.0,4103.025
3608.0,4103.025
3475.0,4103.025
3384.0,4103.025
3668.0,4103.025
3623.9999999999995,4103.025
3518.0,4103.025
3694.9999999999995,4103.025
3745.0,4103.025
4044.0,4103.025
4332.0,4103.025
4006.0,4103.025
4252.0,4103.025
4056.0,4103.025
4129.0,4103.025
3950.0,4103.025
3980.0,4103.025
4000.0,4103.025
4021.9999999999995,4103.025
3832.0,4103.025
3820.0,4103.025
4017.0,4103.025
4008.0,4103.025
3671.0,4103.025
4155.0,4103.025
3922.0,4103.025
4079.0,4103.025
4063.0,4103.025
4085.0,4103.025
4061.0,4103.025
3882.0,4103.025
3999.0,4103.025
3692.0,4103.025
3976.0,4103.025
