True,Pred
2822.0,3651.8362
2850.0000000000005,3651.8452
2634.0,3651.8462
2734.0,3651.8528
2810.0,3651.8535
2925.0,3651.8528
2969.9999999999995,3651.8528
2739.0,3651.8533
2718.0000000000005,3651.8528
3097.9999999999995,3651.8528
3416.0,3651.8533
3721.0,3651.8528
3608.0,3651.8528
3475.0,3651.8533
3384.0,3651.8528
3668.0,3651.8528
3623.9999999999995,3651.8533
3518.0,3651.8528
3694.9999999999995,3651.8528
3745.0,3651.8533
4044.0,3651.8528
4332.0,3651.8528
4006.0,3651.8533
4252.0,3651.8528
4056.0,3651.8528
4129.0,3651.8533
3950.0,3651.8528
3980.0,3651.8528
4000.0,3651.8533
4021.9999999999995,3651.8528
3832.0,3651.8528
3820.0,3651.8533
4017.0,3651.8528
4008.0,3651.8528
3671.0,3651.8533
4155.0,3651.8528
3922.0,3651.8528
4079.0,3651.8533
4063.0,3651.8528
4085.0,3651.8528
4061.0,3651.8533
3882.0,3651.8528
3999.0,3651.8528
3692.0,3651.8533
3976.0,3651.8528
