True,Pred
2822.0,3830.9543
2850.0000000000005,3831.0417
2634.0,3830.98
2734.0,3831.0195
2810.0,3831.0195
2925.0,3831.0195
2969.9999999999995,3831.019
2739.0,3831.0195
2718.0000000000005,3831.019
3097.9999999999995,3831.0195
3416.0,3831.0195
3721.0,3831.019
3608.0,3831.0195
3475.0,3831.019
3384.0,3831.0195
3668.0,3831.0195
3623.9999999999995,3831.019
3518.0,3831.0195
3694.9999999999995,3831.019
3745.0,3831.0195
4044.0,3831.0195
4332.0,3831.019
4006.0,3831.0195
4252.0,3831.019
4056.0,3831.0195
4129.0,3831.0195
3950.0,3831.019
3980.0,3831.0195
4000.0,3831.019
4021.9999999999995,3831.0195
3832.0,3831.0195
3820.0,3831.019
4017.0,3831.0195
4008.0,3831.019
3671.0,3831.0195
4155.0,3831.0195
3922.0,3831.019
4079.0,3831.0195
4063.0,3831.019
4085.0,3831.0195
4061.0,3831.0195
3882.0,3831.019
3999.0,3831.0195
3692.0,3831.019
3976.0,3831.0195
