True,Pred
2822.0,3915.082
2850.0000000000005,3915.079
2634.0,3915.0896
2734.0,3915.087
2810.0,3915.0867
2925.0,3915.0867
2969.9999999999995,3915.087
2739.0,3915.0867
2718.0000000000005,3915.087
3097.9999999999995,3915.0867
3416.0,3915.087
3721.0,3915.087
3608.0,3915.0867
3475.0,3915.087
3384.0,3915.0867
3668.0,3915.0867
3623.9999999999995,3915.087
3518.0,3915.0867
3694.9999999999995,3915.087
3745.0,3915.0864
4044.0,3915.0867
4332.0,3915.0867
4006.0,3915.087
4252.0,3915.0867
4056.0,3915.087
4129.0,3915.0864
3950.0,3915.0867
3980.0,3915.0867
4000.0,3915.087
4021.9999999999995,3915.0867
3832.0,3915.087
3820.0,3915.0864
4017.0,3915.0867
4008.0,3915.0867
3671.0,3915.087
4155.0,3915.0867
3922.0,3915.087
4079.0,3915.0864
4063.0,3915.0867
4085.0,3915.0867
4061.0,3915.087
3882.0,3915.0867
3999.0,3915.087
3692.0,3915.0864
3976.0,3915.0867
