True,Pred
3931,0.20007671
3727,0.20007671
4285,0.20007671
3934,0.20007671
4100,0.20007671
4112,0.20007671
4296,-86.428444
4371,-47.976154
4252,-8.546904
4529,0.20007671
4560,0.20007671
4645,-12.249022
