True,Pred
3931,0.20007671
3727,-889.82166
4285,-1117.6942
3934,-580.32135
4100,-230.32333
4112,0.20007671
4296,0.20007671
4371,-129.95319
4252,-75.77953
4529,-63.659966
4560,-12.225504
4645,-7.0310593
