True,Pred
3931,0.20007671
3727,4790.146
4285,0.20007671
3934,6272.798
4100,0.20007671
4112,605.521
4296,3325.8308
4371,0.20007671
4252,8650.88
4529,0.20007671
4560,1076.8198
4645,0.20007671
