True,Pred
3931,0.185807
3727,0.185807
4285,0.185807
3934,0.185807
4100,0.185807
4112,-258.8841
4296,-149.09482
4371,0.185807
4252,0.185807
4529,0.185807
4560,-50.782597
4645,-20.953506
