True,Pred
3931,0.20007671
3727,722.19293
4285,0.20007671
3934,7215.1294
4100,0.20007671
4112,2423.8193
4296,0.20007671
4371,0.20007671
4252,6510.4165
4529,0.20007671
4560,5856.2354
4645,0.20007671
