,RMSE,MAE,MAPE,PI_Width,CI_Coverage,PI_Overlap
mean,507.24776588375954,446.16350979275177,10.2652489737965,0.0,0.0,0.0
std,200.62576286724058,198.05597388076544,4.60250590981935,0.0,0.0,0.0
