,RMSE,MAE,MAPE,PI_Width,CI_Coverage,PI_Overlap
mean,551.291885143938,492.60506388346363,11.369737120297533,0.0,0.0,0.0
std,286.7819173984897,290.0610529403152,6.808151060870989,0.0,0.0,0.0
