,RMSE,MAE,MAPE,PI Width,CI Coverage,PI Overlap
mean,386.7125059284325,322.7050720214844,7.365481002830964,0.0,0.0,0.0
std,6.234986270831692,6.034802601335479,0.13869090741058596,0.0,0.0,0.0
