,RMSE,MAE,MAPE,PI Width,CI Coverage,PI Overlap
mean,408.7032355592037,342.62580091688375,7.827074551499484,0.0,0.0,0.0
std,6.241209470093537,6.217326774017255,0.1431271884084524,0.0,0.0,0.0
