,RMSE,MAE,MAPE,PI_Width,CI_Coverage,PI_Overlap
mean,678.1864069168334,623.4911010742186,14.438619315687278,0.0,0.0,0.0
std,270.407735589213,271.0447959519646,6.313805355646405,0.0,0.0,0.0
