True,Pred
2822.0,4000.9346
2850.0000000000005,4000.9805
2634.0,4016.9287
2734.0,4019.119
2810.0,4020.046
2925.0,4021.1028
2969.9999999999995,4021.3254
2739.0,4021.4421
2718.0000000000005,4021.5186
3097.9999999999995,4021.5408
3416.0,4021.5527
3721.0,4021.5588
3608.0,4021.5605
3475.0,4021.5623
3384.0,4021.5623
3668.0,4021.5632
3623.9999999999995,4021.563
3518.0,4021.5637
3694.9999999999995,4021.563
3745.0,4021.5632
4044.0,4021.5627
4332.0,4021.563
4006.0,4021.5632
4252.0,4021.563
4056.0,4021.563
4129.0,4021.563
3950.0,4021.5627
3980.0,4021.5627
4000.0,4021.5627
4021.9999999999995,4021.5627
3832.0,4021.5625
3820.0,4021.5632
4017.0,4021.5625
4008.0,4021.5632
3671.0,4021.5632
4155.0,4021.5625
3922.0,4021.563
4079.0,4021.563
4063.0,4021.5625
4085.0,4021.5637
4061.0,4021.563
3882.0,4021.5627
3999.0,4021.5637
3692.0,4021.5627
3976.0,4021.563
