True,Pred
2822.0,4008.152
2850.0000000000005,4008.7234
2634.0,4034.7952
2734.0,4039.7769
2810.0,4042.3628
2925.0,4045.1394
2969.9999999999995,4046.0034
2739.0,4046.5166
2718.0000000000005,4046.859
3097.9999999999995,4047.0017
3416.0,4047.0852
3721.0,4047.1318
3608.0,4047.1545
3475.0,4047.1663
3384.0,4047.1736
3668.0,4047.1772
3623.9999999999995,4047.1794
3518.0,4047.1797
3694.9999999999995,4047.1804
3745.0,4047.1807
4044.0,4047.1812
4332.0,4047.1807
4006.0,4047.1814
4252.0,4047.1812
4056.0,4047.1807
4129.0,4047.1814
3950.0,4047.1812
3980.0,4047.1814
4000.0,4047.1814
4021.9999999999995,4047.1816
3832.0,4047.1814
3820.0,4047.1812
4017.0,4047.1814
4008.0,4047.1807
3671.0,4047.1812
4155.0,4047.1812
3922.0,4047.1812
4079.0,4047.1804
4063.0,4047.1812
4085.0,4047.1812
4061.0,4047.1807
3882.0,4047.1807
3999.0,4047.1812
3692.0,4047.1814
3976.0,4047.1812
