True,Pred
2822.0,3615.7012
2850.0000000000005,3606.484
2634.0,3603.9507
2734.0,3594.124
2810.0,3593.5715
2925.0,3593.2297
2969.9999999999995,3592.9478
2739.0,3592.917
2718.0000000000005,3592.9004
3097.9999999999995,3592.8918
3416.0,3592.889
3721.0,3592.8892
3608.0,3592.8884
3475.0,3592.889
3384.0,3592.888
3668.0,3592.889
3623.9999999999995,3592.8892
3518.0,3592.8894
3694.9999999999995,3592.8892
3745.0,3592.8894
4044.0,3592.8892
4332.0,3592.8884
4006.0,3592.8884
4252.0,3592.8884
4056.0,3592.889
4129.0,3592.8887
3950.0,3592.889
3980.0,3592.8884
4000.0,3592.8887
4021.9999999999995,3592.889
3832.0,3592.8887
3820.0,3592.8884
4017.0,3592.889
4008.0,3592.889
3671.0,3592.8892
4155.0,3592.8887
3922.0,3592.8892
4079.0,3592.889
4063.0,3592.889
4085.0,3592.8887
4061.0,3592.889
3882.0,3592.8892
3999.0,3592.8887
3692.0,3592.8887
3976.0,3592.8887
