True,Pred
2822.0,3656.7288
2850.0000000000005,3638.829
2634.0,3630.4104
2734.0,3613.9773
2810.0,3611.4949
2925.0,3609.8945
2969.9999999999995,3608.8706
2739.0,3608.585
2718.0000000000005,3608.4258
3097.9999999999995,3608.3503
3416.0,3608.3215
3721.0,3608.308
3608.0,3608.302
3475.0,3608.2993
3384.0,3608.299
3668.0,3608.2976
3623.9999999999995,3608.2979
3518.0,3608.2974
3694.9999999999995,3608.2976
3745.0,3608.2976
4044.0,3608.2974
4332.0,3608.2974
4006.0,3608.2969
4252.0,3608.2976
4056.0,3608.2974
4129.0,3608.2974
3950.0,3608.2974
3980.0,3608.2974
4000.0,3608.2974
4021.9999999999995,3608.2976
3832.0,3608.2969
3820.0,3608.2976
4017.0,3608.2974
4008.0,3608.2976
3671.0,3608.2974
4155.0,3608.2976
3922.0,3608.2979
4079.0,3608.2974
4063.0,3608.2974
4085.0,3608.2974
4061.0,3608.2974
3882.0,3608.2976
3999.0,3608.2976
3692.0,3608.2976
3976.0,3608.2974
