True,Pred
2822.0,3956.1196
2850.0000000000005,3957.471
2634.0,3977.081
2734.0,3977.5332
2810.0,3979.4849
2925.0,3981.1838
2969.9999999999995,3981.5562
2739.0,3981.8943
2718.0000000000005,3982.0874
3097.9999999999995,3982.165
3416.0,3982.2156
3721.0,3982.242
3608.0,3982.2544
3475.0,3982.2622
3384.0,3982.2651
3668.0,3982.2676
3623.9999999999995,3982.269
3518.0,3982.2698
3694.9999999999995,3982.27
3745.0,3982.27
4044.0,3982.2698
4332.0,3982.2705
4006.0,3982.27
4252.0,3982.2705
4056.0,3982.27
4129.0,3982.2708
3950.0,3982.2705
3980.0,3982.2708
4000.0,3982.27
4021.9999999999995,3982.2705
3832.0,3982.2705
3820.0,3982.2698
4017.0,3982.27
4008.0,3982.2698
3671.0,3982.2698
4155.0,3982.27
3922.0,3982.2705
4079.0,3982.27
4063.0,3982.2708
4085.0,3982.2705
4061.0,3982.2708
3882.0,3982.27
3999.0,3982.2705
3692.0,3982.2705
3976.0,3982.2698
