,RMSE,MAE,MAPE,PI_Width,CI_Coverage,PI_Overlap
mean,639.0171762925876,581.4901502821181,13.414906361209763,0.0,0.0,0.0
std,144.39837203550485,153.12890039661747,3.6164668025867046,0.0,0.0,0.0
