True,Pred
2822.0,3721.585
2850.0000000000005,3721.5935
2634.0,3721.5952
2734.0,3721.5989
2810.0,3721.599
2925.0,3721.5989
2969.9999999999995,3721.5989
2739.0,3721.5986
2718.0000000000005,3721.5989
3097.9999999999995,3721.5986
3416.0,3721.5989
3721.0,3721.5989
3608.0,3721.5989
3475.0,3721.5989
3384.0,3721.5989
3668.0,3721.5989
3623.9999999999995,3721.5989
3518.0,3721.5989
3694.9999999999995,3721.5989
3745.0,3721.5989
4044.0,3721.5989
4332.0,3721.5989
4006.0,3721.5989
4252.0,3721.5989
4056.0,3721.5989
4129.0,3721.5989
3950.0,3721.5989
3980.0,3721.5989
4000.0,3721.5989
4021.9999999999995,3721.5989
3832.0,3721.5989
3820.0,3721.5989
4017.0,3721.5989
4008.0,3721.5989
3671.0,3721.5989
4155.0,3721.5989
3922.0,3721.5989
4079.0,3721.5989
4063.0,3721.5989
4085.0,3721.5989
4061.0,3721.5989
3882.0,3721.5989
3999.0,3721.5989
3692.0,3721.5989
3976.0,3721.5989
