True,Pred
2822.0,4613.9814
2850.0000000000005,4613.9976
2634.0,4614.0024
2734.0,4613.998
2810.0,4613.998
2925.0,4613.998
2969.9999999999995,4613.9976
2739.0,4613.998
2718.0000000000005,4613.998
3097.9999999999995,4613.998
3416.0,4613.998
3721.0,4613.998
3608.0,4613.998
3475.0,4613.998
3384.0,4613.998
3668.0,4613.998
3623.9999999999995,4613.998
3518.0,4613.998
3694.9999999999995,4613.998
3745.0,4613.998
4044.0,4613.998
4332.0,4613.998
4006.0,4613.998
4252.0,4613.998
4056.0,4613.998
4129.0,4613.998
3950.0,4613.998
3980.0,4613.998
4000.0,4613.998
4021.9999999999995,4613.998
3832.0,4613.998
3820.0,4613.998
4017.0,4613.998
4008.0,4613.998
3671.0,4613.998
4155.0,4613.998
3922.0,4613.998
4079.0,4613.998
4063.0,4613.998
4085.0,4613.998
4061.0,4613.998
3882.0,4613.998
3999.0,4613.998
3692.0,4613.998
3976.0,4613.998
