True,Pred
2822.0,3611.0762
2850.0000000000005,3611.0703
2634.0,3611.0798
2734.0,3611.0732
2810.0,3611.0732
2925.0,3611.0735
2969.9999999999995,3611.0735
2739.0,3611.0732
2718.0000000000005,3611.0735
3097.9999999999995,3611.0732
3416.0,3611.0732
3721.0,3611.0735
3608.0,3611.0735
3475.0,3611.0732
3384.0,3611.0732
3668.0,3611.0735
3623.9999999999995,3611.0735
3518.0,3611.0732
3694.9999999999995,3611.0732
3745.0,3611.0735
4044.0,3611.0735
4332.0,3611.0732
4006.0,3611.0732
4252.0,3611.0735
4056.0,3611.0735
4129.0,3611.0732
3950.0,3611.0732
3980.0,3611.0735
4000.0,3611.0735
4021.9999999999995,3611.0732
3832.0,3611.0732
3820.0,3611.0735
4017.0,3611.0735
4008.0,3611.0732
3671.0,3611.0732
4155.0,3611.0735
3922.0,3611.0735
4079.0,3611.0732
4063.0,3611.0732
4085.0,3611.0735
4061.0,3611.0735
3882.0,3611.0732
3999.0,3611.0732
3692.0,3611.0735
3976.0,3611.0735
