True,Pred
2822.0,3867.6892
2850.0000000000005,3867.6907
2634.0,3867.6917
2734.0,3867.6912
2810.0,3867.6912
2925.0,3867.691
2969.9999999999995,3867.6912
2739.0,3867.6914
2718.0000000000005,3867.6912
3097.9999999999995,3867.6914
3416.0,3867.691
3721.0,3867.6912
3608.0,3867.691
3475.0,3867.6914
3384.0,3867.6912
3668.0,3867.6912
3623.9999999999995,3867.6912
3518.0,3867.6914
3694.9999999999995,3867.6912
3745.0,3867.6914
4044.0,3867.691
4332.0,3867.6912
4006.0,3867.691
4252.0,3867.6914
4056.0,3867.6912
4129.0,3867.6912
3950.0,3867.6912
3980.0,3867.6914
4000.0,3867.6912
4021.9999999999995,3867.6914
3832.0,3867.691
3820.0,3867.6912
4017.0,3867.691
4008.0,3867.6914
3671.0,3867.6912
4155.0,3867.6912
3922.0,3867.6912
4079.0,3867.6914
4063.0,3867.6912
4085.0,3867.6914
4061.0,3867.691
3882.0,3867.6912
3999.0,3867.691
3692.0,3867.6914
3976.0,3867.6912
