True,Pred
2822.0,3623.968
2850.0000000000005,3623.9685
2634.0,3623.9688
2734.0,3623.9688
2810.0,3623.9688
2925.0,3623.9688
2969.9999999999995,3623.9688
2739.0,3623.969
2718.0000000000005,3623.969
3097.9999999999995,3623.969
3416.0,3623.9692
3721.0,3623.9688
3608.0,3623.969
3475.0,3623.9692
3384.0,3623.9688
3668.0,3623.9688
3623.9999999999995,3623.9688
3518.0,3623.9688
3694.9999999999995,3623.969
3745.0,3623.969
4044.0,3623.969
4332.0,3623.9692
4006.0,3623.9688
4252.0,3623.969
4056.0,3623.9692
4129.0,3623.9688
3950.0,3623.9688
3980.0,3623.9688
4000.0,3623.9688
4021.9999999999995,3623.969
3832.0,3623.969
3820.0,3623.969
4017.0,3623.9692
4008.0,3623.9688
3671.0,3623.969
4155.0,3623.9692
3922.0,3623.9688
4079.0,3623.9688
4063.0,3623.9688
4085.0,3623.9688
4061.0,3623.969
3882.0,3623.969
3999.0,3623.969
3692.0,3623.9692
3976.0,3623.9688
