True,Pred
2822.0,3571.8877
2850.0000000000005,3571.8962
2634.0,3571.8909
2734.0,3571.894
2810.0,3571.8938
2925.0,3571.894
2969.9999999999995,3571.8938
2739.0,3571.8943
2718.0000000000005,3571.8943
3097.9999999999995,3571.894
3416.0,3571.8936
3721.0,3571.8938
3608.0,3571.8943
3475.0,3571.8938
3384.0,3571.8943
3668.0,3571.8938
3623.9999999999995,3571.8938
3518.0,3571.8938
3694.9999999999995,3571.894
3745.0,3571.8943
4044.0,3571.8945
4332.0,3571.894
4006.0,3571.8943
4252.0,3571.894
4056.0,3571.8943
4129.0,3571.894
3950.0,3571.8943
3980.0,3571.8938
4000.0,3571.8943
4021.9999999999995,3571.894
3832.0,3571.894
3820.0,3571.8938
4017.0,3571.894
4008.0,3571.8943
3671.0,3571.8943
4155.0,3571.894
3922.0,3571.894
4079.0,3571.8943
4063.0,3571.8943
4085.0,3571.8943
4061.0,3571.894
3882.0,3571.894
3999.0,3571.8943
3692.0,3571.8943
3976.0,3571.894
