,RMSE,MAE,MAPE,PI Width,CI Coverage,PI Overlap
mean,327.9553470884433,274.5382954915365,6.310079095751521,0.0,0.0,0.0
std,4.122058160804721,3.1892380159993654,0.06890749717189422,0.0,0.0,0.0
