,RMSE,MAE,MAPE,PI Width,CI Coverage,PI Overlap
mean,295.2472240034102,245.97409735785592,5.652469740701681,0.0,0.0,0.0
std,16.960762348105234,14.107989659941538,0.31543016756684383,0.0,0.0,0.0
