,RMSE,MAE,MAPE,PI Width,CI Coverage,PI Overlap
mean,354.58440233477813,296.4073296440972,6.79599667116075,0.0,0.0,0.0
std,16.713958233346823,22.92087651224072,0.5931606618910122,0.0,0.0,0.0
