,RMSE,MAE,MAPE,PI_Width,CI_Coverage,PI_Overlap
mean,605.3898139335431,546.2578959147136,12.583043859653905,0.0,0.0,0.0
std,121.99835555059693,128.11217446955567,3.0148965996395574,0.0,0.0,0.0
