,RMSE,MAE,MAPE,PI Width,CI Coverage,PI Overlap
mean,422.4194402019354,356.0110120985243,8.129552571700351,0.0,0.0,0.0
std,16.820448116562897,15.735051347092133,0.3609393932295216,0.0,0.0,0.0
