,RMSE,MAE,MAPE,PI Width,CI Coverage,PI Overlap
mean,390.6213745252343,348.404628499349,8.320442237746066,0.0,0.0,0.0
std,735.8649575078239,736.4501950058295,17.347678466951706,0.0,0.0,0.0
