True,Pred
3931,1167.9426
3727,706.3244
4285,369.23544
3934,454.42798
4100,251.17647
4112,127.89245
4296,84.68954
4371,58.11314
4252,43.815075
4529,23.020145
4560,12.539329
4645,7.855761
