True,Pred
3931,3248.3955
3727,2709.716
4285,2421.4893
3934,2155.8806
4100,1663.4974
4112,1151.522
4296,1159.3053
4371,986.21844
4252,851.8931
4529,815.94354
4560,685.55597
4645,615.36206
