,RMSE,MAE,MAPE,PI Width,CI Coverage,PI Overlap
mean,2897.941287888096,2768.6075531005863,30.84465305259498,0.0,0.0,0.0
std,33.60863624877434,34.64246411123872,0.39624031830190176,0.0,0.0,0.0
