,RMSE,MAE,MAPE,PI_Width,CI_Coverage,PI_Overlap
mean,677.5583544057449,621.3480736626519,14.467037144110309,0.0,0.0,0.0
std,444.3376768330049,456.1811420012335,10.838952837645914,0.0,0.0,0.0
