,RMSE,MAE,MAPE,PI_Width,CI_Coverage,PI_Overlap
mean,694.6064980004602,640.5751329210068,14.814381452311949,0.0,0.0,0.0
std,184.25362555514116,194.70222479136567,4.609545603031145,0.0,0.0,0.0
