,RMSE,MAE,MAPE,PI_Width,CI_Coverage,PI_Overlap
mean,552.858195468795,495.06733127170133,11.412016437054469,0.0,0.0,0.0
std,182.6590671946931,187.15025663747613,4.377966679351476,0.0,0.0,0.0
