,RMSE,MAE,MAPE,PI Width,CI Coverage,PI Overlap
mean,284.63083949546115,236.0633850097656,5.427645764171591,0.0,0.0,0.0
std,14.50449274913698,12.31416094618876,0.2760757850721267,0.0,0.0,0.0
