True,Pred
2718,0.18185428
3098,0.18185428
3416,0.18185428
3721,0.18185428
3608,0.18185428
3475,0.18185428
3384,0.18185428
3668,0.18185428
3624,0.18185428
3518,0.18185428
3695,0.18185428
3745,0.18185428
4044,0.18185428
4332,0.18185428
4006,0.18185428
4252,0.18185428
4056,0.18185428
4129,0.18185428
3950,0.18185428
3980,0.18185428
4000,0.18185428
4022,0.18185428
3832,0.18185428
3820,0.18185428
4017,0.18185428
4008,0.18185428
3671,0.18185428
4155,0.18185428
3922,0.18185428
4079,0.18185428
4063,0.18185428
4085,0.18185428
4061,0.18185428
3882,0.18185428
3999,0.18185428
3692,0.18185428
3976,0.18185428
