True,Pred
3931,0.19999027
3727,0.19999027
4285,0.19999027
3934,0.19999027
4100,0.19999027
4112,0.19999027
4296,0.19999027
4371,0.19999027
4252,0.19999027
4529,-0.18339053
4560,-2.2624323
4645,0.18771328
