True,Pred
3931,3682.8496
3727,3326.1858
4285,2926.7627
3934,2428.0247
4100,1784.484
4112,920.05853
4296,0.046170242
4371,0.046170242
4252,0.046170242
4529,0.046170242
4560,0.046170242
4645,0.046170242
