True,Pred
2718,0.18695658
3098,0.18695658
3416,0.18695658
3721,0.18695658
3608,0.18695658
3475,0.18695658
3384,0.18695658
3668,0.18695658
3624,0.18695658
3518,0.18695658
3695,0.18695658
3745,0.18695658
4044,0.18695658
4332,0.18695658
4006,0.18695658
4252,0.18695658
4056,0.18695658
4129,0.18695658
3950,0.18695658
3980,0.18695658
4000,0.18695658
4022,0.18695658
3832,0.18695658
3820,0.18695658
4017,0.18695658
4008,0.18695658
3671,0.18695658
4155,0.18695658
3922,0.18695658
4079,0.18695658
4063,0.18695658
4085,0.18695658
4061,0.18695658
3882,0.18695658
3999,0.18695658
3692,0.18695658
3976,0.18695658
