True,Pred
3931,0.19999184
3727,0.19999184
4285,0.19999184
3934,0.19999184
4100,0.19999184
4112,0.19999184
4296,0.19999184
4371,0.19999184
4252,0.19999184
4529,0.19999184
4560,0.19999184
4645,0.19999184
