,RMSE,MAE,MAPE,PI Width,CI Coverage,PI Overlap
mean,7057.559437292958,5895.269849952062,66.19747038174428,0.0,0.0,0.0
std,10806.813698003498,7427.439027721075,83.84942571232948,0.0,0.0,0.0
