,RMSE,MAE,MAPE,PI Width,CI Coverage,PI Overlap
mean,1620.6325852465704,1598.2258429633246,37.54542208245857,0.0,0.0,0.0
std,16.78710886667321,17.933296658013585,0.4090258514216783,0.0,0.0,0.0
