,RMSE,MAE,MAPE,PI Width,CI Coverage,PI Overlap
mean,404.94186899163503,361.10218251546223,8.585022829322185,0.0,0.0,0.0
std,736.873467744348,740.3611662110751,17.474415846573237,0.0,0.0,0.0
