,RMSE,MAE,MAPE,PI Width,CI Coverage,PI Overlap
mean,269.18167226391324,223.51019829644096,5.149079786431531,0.0,0.0,0.0
std,33.51767651920508,28.576746447732592,0.6358399736010836,0.0,0.0,0.0
