,RMSE,MAE,MAPE,PI Width,CI Coverage,PI Overlap
mean,3430.2260462893673,3366.3187121073406,79.18537328198997,0.0,0.0,0.0
std,1280.6210952838837,1296.0765305103137,30.648993159542457,0.0,0.0,0.0
