True,Pred
3931,591.23663
3727,-19.403364
4285,59.04896
3934,-3.5585637
4100,2.0614808
4112,1.4940187
4296,0.31657508
4371,0.26988423
4252,0.19888516
4529,0.1555148
4560,0.14871293
4645,0.14429821
