True,Pred
3931,3081.8738
3727,2818.3484
4285,2573.7026
3934,2224.5813
4100,1785.2272
4112,1291.0688
4296,770.2408
4371,483.5071
4252,319.23236
4529,214.6699
4560,153.57239
4645,112.90105
