True,Pred
3931,1714.7157
3727,581.1704
4285,67.50356
3934,27.578905
4100,75.45182
4112,18.430756
4296,7.8838677
4371,4.836253
4252,2.1642637
4529,1.0012927
4560,0.5672842
4645,0.33459714
