True,Pred
3931,1419.8595
3727,896.6722
4285,576.68933
3934,297.7359
4100,176.03654
4112,101.73425
4296,55.46046
4371,29.210896
4252,14.782035
4529,8.328579
4560,4.5099864
4645,2.1269882
