True,Pred
3931,1057.6179
3727,-76.328445
4285,-73.35092
3934,20.784481
4100,0.23844078
4112,0.3434524
4296,0.15933141
4371,0.119926825
4252,0.1170245
4529,0.11341703
4560,0.11264564
4645,0.11250979
