True,Pred
3931,590.2793
3727,99.48511
4285,20.837332
3934,4.5695066
4100,1.8670561
4112,0.9093199
4296,0.39405924
4371,0.24846333
4252,0.1887976
4529,0.16196603
4560,0.15296666
4645,0.14921877
