True,Pred
3931,317.48648
3727,263.10687
4285,160.15712
3934,20.764837
4100,13.006295
4112,4.014548
4296,0.18266022
4371,0.05725029
4252,0.09173934
4529,0.108857065
4560,0.10911058
4645,0.10898936
