True,Pred
3931,1349.6725
3727,260.71838
4285,35.177536
3934,-15.487334
4100,-3.0724988
4112,0.99627596
4296,0.36199677
4371,0.15691541
4252,0.1513687
4529,0.13191591
4560,0.12673119
4645,0.12579486
