True,Pred
3931,1356.1431
3727,914.45044
4285,605.8146
3934,350.6184
4100,199.68619
4112,117.9212
4296,66.739265
4371,39.32602
4252,22.796833
4529,11.880141
4560,5.188521
4645,1.6839706
