True,Pred
3931,0.14993049
3727,0.14993049
4285,0.14993049
3934,0.14993049
4100,0.14993049
4112,0.14993049
4296,0.14993049
4371,0.14993049
4252,0.14993049
4529,0.14993049
4560,0.14993049
4645,0.14993049
