True,Pred
3931,0.1369181
3727,0.1369181
4285,0.1369181
3934,-311.09714
4100,-1060.4485
4112,0.1369181
4296,0.1369181
4371,0.1369181
4252,0.1369181
4529,-1671.4165
4560,0.1369181
4645,0.1369181
