True,Pred
3931,0.14995424
3727,-4924.5522
4285,-10406.619
3934,-4689.206
4100,-4395.3516
4112,0.14995424
4296,0.14995424
4371,0.14995424
4252,0.14995424
4529,0.14995424
4560,0.14995424
4645,0.14995424
