True,Pred
3931,0.14995424
3727,0.14995424
4285,0.14995424
3934,31.520546
4100,56.10395
4112,0.14995424
4296,0.14995424
4371,0.14995424
4252,0.28998947
4529,0.9429468
4560,0.14995424
4645,0.14995424
