True,Pred
3931,0.14952774
3727,0.14952774
4285,0.14952774
3934,0.14952774
4100,0.14952774
4112,0.14952774
4296,0.14952774
4371,0.14952774
4252,0.14952774
4529,0.14952774
4560,0.14952774
4645,0.14952774
