True,Pred
3931,0.14417614
3727,0.14417614
4285,0.14417614
3934,0.14417614
4100,0.14417614
4112,0.14417614
4296,0.14417614
4371,0.14417614
4252,0.14417614
4529,0.14417614
4560,0.14417614
4645,0.14417614
