True,Pred
3931,0.12611891
3727,0.12611891
4285,0.12611891
3934,0.12611891
4100,0.12611891
4112,0.12611891
4296,0.12611891
4371,0.12611891
4252,0.12611891
4529,0.12611891
4560,0.12611891
4645,0.12611891
