,RMSE,MAE,MAPE,PI_Width,CI_Coverage,PI_Overlap
mean,705.9754943761121,653.0875793457033,15.139542992202113,0.0,0.0,0.0
std,252.89934932665747,262.93683785675387,6.174705911609822,0.0,0.0,0.0
