,RMSE,MAE,MAPE,PI Width,CI Coverage,PI Overlap
mean,1065.7145176688211,675.9644930521647,15.350232431474996,0.0,0.0,0.0
std,3344.7193869106386,1683.2712700301918,37.06032409949215,0.0,0.0,0.0
