,RMSE,MAE,MAPE,PI Width,CI Coverage,PI Overlap
mean,1798.9731528501243,1645.607659233941,18.202513327082116,0.0,0.0,0.0
std,89.5370189626903,95.50454351521068,1.0617338540615329,0.0,0.0,0.0
