,RMSE,MAE,MAPE,PI Width,CI Coverage,PI Overlap
mean,1181.7170200669016,1062.4899269104003,24.96383228886965,0.0,0.0,0.0
std,1344.5032539106114,1294.310245098761,30.484559675928686,0.0,0.0,0.0
