True,Pred
3931,3228.9946
3727,3177.697
4285,2934.8667
3934,2663.2146
4100,2253.764
4112,2291.649
4296,2160.7837
4371,820.17664
4252,2090.635
4529,1425.8682
4560,708.16974
4645,796.6165
