,RMSE,MAE,MAPE,PI_Width,CI_Coverage,PI_Overlap
mean,970.4283171657966,925.4822326660155,21.762505177503765,0.0,0.0,0.0
std,799.8835705082341,815.4115921361275,19.385035682234523,0.0,0.0,0.0
