,RMSE,MAE,MAPE,PI Width,CI Coverage,PI Overlap
mean,331.2269291639184,278.277187093099,6.386934335192015,0.0,0.0,0.0
std,19.452054465074006,15.809048856789717,0.35226515567518635,0.0,0.0,0.0
