,RMSE,MAE,MAPE,PI Width,CI Coverage,PI Overlap
mean,2015.8331180380774,1825.9463686625163,20.394905990257545,0.0,0.0,0.0
std,1227.3674917208793,1165.5532681968007,13.02823400176995,0.0,0.0,0.0
