,RMSE,MAE,MAPE,PI Width,CI Coverage,PI Overlap
mean,373.39838883452836,313.99336683485245,7.2153758619479555,0.0,0.0,0.0
std,34.77062975048598,30.879727386344957,0.6999860702401489,0.0,0.0,0.0
