,RMSE,MAE,MAPE,PI Width,CI Coverage,PI Overlap
mean,241.97982010771003,201.9848551432292,4.701307315313347,0.0,0.0,0.0
std,63.22694578414482,52.55707574136931,1.1626104267625037,0.0,0.0,0.0
