,RMSE,MAE,MAPE,PI Width,CI Coverage,PI Overlap
mean,400.10300995187237,334.8567043728298,7.649362949820802,0.0,0.0,0.0
std,4.672434603234439,4.4917017537235,0.10314468825219207,0.0,0.0,0.0
