,RMSE,MAE,MAPE,PI Width,CI Coverage,PI Overlap
mean,2815.0701802091444,2680.8783053927955,29.834044063289866,0.0,0.0,0.0
std,54.36709432929964,53.76930044717278,0.6069555907293948,0.0,0.0,0.0
