,RMSE,MAE,MAPE,PI Width,CI Coverage,PI Overlap
mean,283.3304831006986,236.0479519314236,5.428551321993739,0.0,0.0,0.0
std,8.715691118542997,7.357368855451337,0.16492336156583653,0.0,0.0,0.0
