,RMSE,MAE,MAPE,PI Width,CI Coverage,PI Overlap
mean,337.66998027677243,282.126949734158,6.467500259613539,0.0,0.0,0.0
std,14.408543822375547,11.769822159344363,0.26304189916060083,0.0,0.0,0.0
