,RMSE,MAE,MAPE,PI Width,CI Coverage,PI Overlap
mean,240.4050658195404,192.38288981119794,4.714472630044645,0.0,0.0,0.0
std,35.39977711171463,32.36842636940579,0.7007532665681925,0.0,0.0,0.0
