,Trial,Seed,Trial_Seed,Train_RMSE,Train_MAE,Train_MAPE,Train_MSE,Train_PI_Coverage,Test_RMSE,Test_MAE,Test_MAPE,Test_MSE,Test_PI_Coverage
mean,15.5,42.0,14542.0,557.1275176490452,501.5446736653646,13.172939571736542,423276.9024739583,58.90909090909091,2761.0394750281794,2369.643688964844,39.8631016079134,12985068.985416668,53.333333333333336
std,8.803408430829505,0.0,8803.408430829504,341.7286151806437,347.66284197119637,9.10630690120675,523041.2878667797,34.80221361329326,2355.1257385173767,1818.064525084859,31.41964254447722,30537645.116567094,30.37126591209935
min,1.0,42.0,42.0,210.0260958488254,164.56886291503906,4.369955393941327,44110.9609375,0.0,799.9826169986445,607.702880859375,9.467321975961735,639972.1875,16.666666666666664
max,30.0,42.0,29042.0,1421.167653727033,1378.222900390625,36.063718122177754,2019717.5,94.54545454545455,12866.710535331087,9555.2138671875,164.76385854256944,165552240.0,100.0
