Test_True,Test_Pred,Test_Lower,Test_Upper
4727,3898.8665,1902.2039,5895.5293
4696,3301.2878,1304.6252,5297.95
5365,3489.7268,1493.0642,5486.3896
6027,3357.672,1361.0095,5354.335
7419,3132.081,1135.4185,5128.7437
6307,2967.9731,971.31055,4964.6357
6343,2648.225,651.5625,4644.8877
6165,2476.9387,480.27612,4473.6016
5683,2432.188,435.5254,4428.8506
5613,2263.7854,267.1228,4260.448
5613,2115.0393,118.37671,4111.702
5792,1995.8749,-0.7877197,3992.5376
