Test_True,Test_Pred,Test_Lower,Test_Upper
4727,3816.9546,1667.3308,5966.578
4696,3563.5115,1413.8877,5713.1353
5365,3205.9492,1056.3254,5355.573
6027,3010.494,860.8701,5160.1177
7419,2913.7043,764.08057,5063.328
6307,2622.0127,472.38892,4771.6367
6343,2537.5115,387.8877,4687.1353
6165,2313.9524,164.32861,4463.576
5683,2180.9368,31.312988,4330.5605
5613,2063.9307,-85.693115,4213.5547
5613,1889.0894,-260.53442,4038.7131
5792,1811.3495,-338.2743,3960.9731
