Test_True,Test_Pred,Test_Lower,Test_Upper
4727,6133.4736,-2524.4355,14791.383
4696,6553.1094,-2104.7998,15211.019
5365,6689.049,-1968.8604,15346.958
6027,8800.608,142.69922,17458.518
7419,9051.84,393.93066,17709.75
6307,9491.117,833.208,18149.027
6343,12546.87,3888.961,21204.78
6165,12589.153,3931.2441,21247.062
5683,13579.747,4921.838,22237.656
5613,17693.32,9035.411,26351.23
5613,17546.092,8888.183,26204.0
5792,19589.697,10931.788,28247.605
