,RMSE,MAE,MAPE,PI_Width,CI_Coverage,PI_Overlap
mean,683.0604006829358,628.8200337727865,14.533230670528363,0.0,0.0,0.0
std,132.94249446238425,140.91625884012245,3.3292454463437005,0.0,0.0,0.0
