True,Pred
2822.0,3351.3196
2850.0000000000005,3351.0833
2634.0,3351.1628
2734.0,3350.97
2810.0,3350.97
2925.0,3350.97
2969.9999999999995,3350.97
2739.0,3350.97
2718.0000000000005,3350.97
3097.9999999999995,3350.9695
3416.0,3350.97
3721.0,3350.97
3608.0,3350.97
3475.0,3350.97
3384.0,3350.97
3668.0,3350.97
3623.9999999999995,3350.97
3518.0,3350.97
3694.9999999999995,3350.97
3745.0,3350.97
4044.0,3350.97
4332.0,3350.97
4006.0,3350.97
4252.0,3350.97
4056.0,3350.97
4129.0,3350.97
3950.0,3350.97
3980.0,3350.97
4000.0,3350.97
4021.9999999999995,3350.97
3832.0,3350.97
3820.0,3350.97
4017.0,3350.97
4008.0,3350.97
3671.0,3350.97
4155.0,3350.97
3922.0,3350.97
4079.0,3350.97
4063.0,3350.97
4085.0,3350.97
4061.0,3350.97
3882.0,3350.97
3999.0,3350.97
3692.0,3350.97
3976.0,3350.97
