True,Pred
2822.0,3463.7524
2850.0000000000005,3463.7354
2634.0,3463.7603
2734.0,3463.7476
2810.0,3463.7476
2925.0,3463.7476
2969.9999999999995,3463.7476
2739.0,3463.7476
2718.0000000000005,3463.7476
3097.9999999999995,3463.7476
3416.0,3463.7476
3721.0,3463.748
3608.0,3463.748
3475.0,3463.748
3384.0,3463.7476
3668.0,3463.7476
3623.9999999999995,3463.7476
3518.0,3463.7476
3694.9999999999995,3463.7476
3745.0,3463.748
4044.0,3463.7476
4332.0,3463.7476
4006.0,3463.7476
4252.0,3463.7476
4056.0,3463.7473
4129.0,3463.7476
3950.0,3463.748
3980.0,3463.7476
4000.0,3463.7476
4021.9999999999995,3463.7476
3832.0,3463.7473
3820.0,3463.7476
4017.0,3463.748
4008.0,3463.7476
3671.0,3463.7476
4155.0,3463.7476
3922.0,3463.7473
4079.0,3463.7476
4063.0,3463.748
4085.0,3463.7476
4061.0,3463.7476
3882.0,3463.7476
3999.0,3463.7473
3692.0,3463.7476
3976.0,3463.748
