True,Pred
2822.0,3493.2349
2850.0000000000005,3493.2395
2634.0,3493.2327
2734.0,3493.2468
2810.0,3493.2466
2925.0,3493.2468
2969.9999999999995,3493.2468
2739.0,3493.2468
2718.0000000000005,3493.2466
3097.9999999999995,3493.2466
3416.0,3493.2466
3721.0,3493.2468
3608.0,3493.2466
3475.0,3493.2466
3384.0,3493.2466
3668.0,3493.2468
3623.9999999999995,3493.2466
3518.0,3493.2466
3694.9999999999995,3493.2466
3745.0,3493.2468
4044.0,3493.2466
4332.0,3493.2466
4006.0,3493.2466
4252.0,3493.2468
4056.0,3493.2466
4129.0,3493.2466
3950.0,3493.2466
3980.0,3493.2468
4000.0,3493.2466
4021.9999999999995,3493.2466
3832.0,3493.2466
3820.0,3493.2468
4017.0,3493.2466
4008.0,3493.2466
3671.0,3493.2466
4155.0,3493.2468
3922.0,3493.2466
4079.0,3493.2466
4063.0,3493.2466
4085.0,3493.2468
4061.0,3493.2466
3882.0,3493.2466
3999.0,3493.2466
3692.0,3493.2468
3976.0,3493.2466
