True,Pred
2822.0,3796.7598
2850.0000000000005,3796.7515
2634.0,3796.7593
2734.0,3796.755
2810.0,3796.7546
2925.0,3796.7546
2969.9999999999995,3796.7544
2739.0,3796.7546
2718.0000000000005,3796.7546
3097.9999999999995,3796.7546
3416.0,3796.7546
3721.0,3796.755
3608.0,3796.755
3475.0,3796.7546
3384.0,3796.755
3668.0,3796.7546
3623.9999999999995,3796.7546
3518.0,3796.755
3694.9999999999995,3796.7546
3745.0,3796.7546
4044.0,3796.7546
4332.0,3796.7546
4006.0,3796.7546
4252.0,3796.755
4056.0,3796.755
4129.0,3796.7546
3950.0,3796.755
3980.0,3796.7546
4000.0,3796.7546
4021.9999999999995,3796.755
3832.0,3796.7546
3820.0,3796.7546
4017.0,3796.7546
4008.0,3796.7546
3671.0,3796.7546
4155.0,3796.755
3922.0,3796.755
4079.0,3796.7546
4063.0,3796.755
4085.0,3796.7546
4061.0,3796.7546
3882.0,3796.755
3999.0,3796.7546
3692.0,3796.7546
3976.0,3796.7546
