,RMSE,MAE,MAPE,PI Width,CI Coverage,PI Overlap
mean,12157.2852260944,9186.598522472383,103.62159502913391,0.0,0.0,0.0
std,27310.730351438557,17334.929187789658,196.50334343225362,0.0,0.0,0.0
