,RMSE,MAE,MAPE,PI Width,CI Coverage,PI Overlap
mean,412.4048605869684,346.3343282063801,7.912556799978012,0.0,0.0,0.0
std,4.422711073153273,4.336878260326519,0.09972914475627201,0.0,0.0,0.0
