Test_True,Test_Pred,Test_Lower,Test_Upper
4727,4002.7031,1992.3696,6013.0366
4696,3971.29,1960.9565,5981.6235
5365,3713.3167,1702.9832,5723.6504
6027,3534.9084,1524.575,5545.242
7419,3396.8857,1386.5522,5407.219
6307,3171.6733,1161.3398,5182.007
6343,3028.049,1017.7156,5038.383
6165,2864.4543,854.12085,4874.788
5683,2716.7246,706.3911,4727.058
5613,2575.823,565.4895,4586.1562
5613,2440.6084,430.2749,4450.942
5792,2314.252,303.91846,4324.5854
