Test_True,Test_Pred,Test_Lower,Test_Upper
4727,3505.7317,1274.946,5736.5176
4696,3021.5945,790.80884,5252.38
5365,2456.7673,225.98169,4687.5527
6027,2507.5159,276.73022,4738.302
7419,2501.1787,270.39307,4731.9644
6307,2346.4578,115.67212,4577.243
6343,1990.6696,-240.11609,4221.455
6165,1552.0791,-678.70654,3782.8647
5683,1432.7355,-798.0502,3663.521
5613,1270.0618,-960.7239,3500.8474
5613,1352.088,-878.69763,3582.8735
5792,1196.8202,-1033.9655,3427.606
