Test_True,Test_Pred,Test_Lower,Test_Upper
4727,3597.8591,1763.4266,5432.2915
4696,3100.7842,1266.3517,4935.217
5365,3135.2458,1300.8134,4969.678
6027,3310.5974,1476.1649,5145.03
7419,3473.686,1639.2535,5308.1187
6307,2881.1526,1046.7201,4715.585
6343,2313.2522,478.8197,4147.6846
6165,2184.76,350.3275,4019.1924
5683,2333.1267,498.6942,4167.559
5613,2543.9453,709.5128,4378.378
5613,2250.6873,416.25476,4085.1196
5792,1756.3085,-78.12402,3590.741
