Test_True,Test_Pred,Test_Lower,Test_Upper
4727,4056.5327,1913.5498,6199.5156
4696,3732.0564,1589.0735,5875.039
5365,3439.4397,1296.4568,5582.423
6027,3155.7642,1012.78125,5298.747
7419,3204.882,1061.8992,5347.865
6307,2947.3975,804.41455,5090.3804
6343,2712.5493,569.5664,4855.532
6165,2549.67,406.687,4692.653
5683,2310.251,167.26807,4453.234
5613,2238.2932,95.3103,4381.2764
5613,2104.4675,-38.51538,4247.45
5792,1943.9458,-199.03711,4086.9287
