Test_True,Test_Pred,Test_Lower,Test_Upper
4727,3843.8823,1934.4037,5753.361
4696,3616.437,1706.9584,5525.9155
5365,3453.6501,1544.1715,5363.129
6027,3548.077,1638.5983,5457.5557
7419,3290.307,1380.8282,5199.7856
6307,3065.1218,1155.6432,4974.6006
6343,2801.0273,891.5487,4710.506
6165,2751.455,841.97644,4660.9336
5683,2638.3494,728.8707,4547.828
5613,2513.4446,603.96594,4422.9233
5613,2335.7393,426.26062,4245.218
5792,2218.917,309.43835,4128.3955
