,RMSE,MAE,MAPE,PI_Width,CI_Coverage,PI_Overlap
mean,693.4206555532108,642.5272440592447,14.952084237624298,0.0,0.0,0.0
std,425.4861109626765,436.5602471573958,10.377874050351439,0.0,0.0,0.0
