,RMSE,MAE,MAPE,PI Width,CI Coverage,PI Overlap
mean,271.48967195988286,215.11107215080568,4.958465459486195,0.0,0.0,0.0
std,0.0,2.890758581290855e-14,1.8067241133067846e-15,0.0,0.0,0.0
