,RMSE,MAE,MAPE,PI Width,CI Coverage,PI Overlap
mean,6360.503098724494,5472.677862548828,126.93282867209412,0.0,0.0,0.0
std,12277.335877559117,8480.51000183651,189.95680504584604,0.0,0.0,0.0
