True,Pred
3931,0.23479208
3727,0.23479208
4285,0.23479208
3934,764.531
4100,29.595898
4112,0.23479208
4296,0.23479208
4371,2501.0645
4252,3050.7039
4529,3007.261
4560,0.23479208
4645,0.23479208
