True,Pred
3931,0.2477689
3727,0.2477689
4285,0.2477689
3934,0.2477689
4100,0.2477689
4112,0.2477689
4296,0.2477689
4371,0.2477689
4252,0.2477689
4529,0.2477689
4560,0.2477689
4645,0.2477689
