True,Pred
3931,0.24854133
3727,0.24854133
4285,0.24854133
3934,0.24854133
4100,0.24854133
4112,0.24854133
4296,0.24854133
4371,0.24854133
4252,0.24854133
4529,0.24854133
4560,0.24854133
4645,0.24854133
