True,Pred
3931,0.249084
3727,0.249084
4285,0.249084
3934,0.249084
4100,0.249084
4112,0.249084
4296,0.249084
4371,0.249084
4252,0.249084
4529,0.249084
4560,0.249084
4645,0.249084
