True,Pred
3931,0.24986519
3727,0.24986519
4285,0.24986519
3934,0.24986519
4100,0.24986519
4112,0.24986519
4296,0.24986519
4371,0.24986519
4252,0.24986519
4529,0.24986519
4560,0.24986519
4645,0.24986519
