,RMSE,MAE,MAPE,PI Width,CI Coverage,PI Overlap
mean,288.1944562117878,242.82945421006946,5.611565807780295,0.0,0.0,0.0
std,13.307321193036902,12.111655066348947,0.2698324612775536,0.0,0.0,0.0
