,RMSE,MAE,MAPE,PI Width,CI Coverage,PI Overlap
mean,3314.0715244181006,3178.3530246310766,35.467448741592975,0.0,0.0,0.0
std,55.771400205340626,55.775821874552456,0.6328449885925058,0.0,0.0,0.0
