True,Pred
3931,4.273517
3727,-44.395252
4285,-350.54236
3934,-22.310509
4100,-159.21735
4112,-211.66037
4296,-154.11917
4371,-14.457393
4252,-15.540166
4529,-19.219486
4560,-11.31559
4645,-11.002801
