,RMSE,MAE,MAPE,PI_Width,CI_Coverage,PI_Overlap
mean,789.7642906236698,741.700307888455,17.222235424388018,0.0,0.0,0.0
std,263.1184155190261,272.6169593857661,6.4317963493135055,0.0,0.0,0.0
