,RMSE,MAE,MAPE,PI Width,CI Coverage,PI Overlap
mean,320.06999214382523,266.63507419162323,6.112134210757142,0.0,0.0,0.0
std,15.759092992746284,12.652332308237176,0.2821879848602183,0.0,0.0,0.0
