,RMSE,MAE,MAPE,PI Width,CI Coverage,PI Overlap
mean,256.05921595683884,213.93401845296225,4.947363348456839,0.0,0.0,0.0
std,57.51737105602371,49.10890023432483,1.0914284908677456,0.0,0.0,0.0
