True,Pred
3931,586.60583
3727,2373.3809
4285,493.0828
3934,1634.7319
4100,334.0037
4112,35.273346
4296,729.2199
4371,129.96364
4252,199.11354
4529,30.236551
4560,124.109825
4645,24.239439
