,RMSE,MAE,MAPE,PI Width,CI Coverage,PI Overlap
mean,355.60005538673505,294.9916951497396,6.743382900676321,0.0,0.0,0.0
std,3.3766526434580046,2.9317531485684163,0.06600013160136635,0.0,0.0,0.0
