,RMSE,MAE,MAPE,PI Width,CI Coverage,PI Overlap
mean,295.63748457362567,246.88072781032986,5.667197578980261,0.0,0.0,0.0
std,9.838681543976588,8.107658376282494,0.18074819759315874,0.0,0.0,0.0
