True,Pred
3931,510.6478
3727,-94.99159
4285,-59.545006
3934,34.5345
4100,11.438005
4112,7.2574925
4296,5.4501543
4371,-0.18147722
4252,3.4380426
4529,-0.9736935
4560,-1.2888907
4645,16.474842
