Test_True,Test_Pred,Test_Lower,Test_Upper
4727,3720.0732,1882.0342,5558.1123
4696,3572.387,1734.3479,5410.426
5365,3851.6843,2013.6453,5689.7236
6027,3968.5713,2130.5322,5806.6104
7419,3253.05,1415.011,5091.089
6307,2847.5278,1009.4888,4685.567
6343,3139.085,1301.0459,4977.124
6165,3434.3037,1596.2646,5272.343
5683,2955.05,1117.011,4793.089
5613,2365.18,527.14087,4203.2188
5613,2428.6494,590.61035,4266.6885
5792,3084.768,1246.729,4922.807
