Test_True,Test_Pred,Test_Lower,Test_Upper
4727,3879.7954,1997.2612,5762.3296
4696,3805.1243,1922.5901,5687.658
5365,4046.8154,2164.2812,5929.3496
6027,3170.5828,1288.0486,5053.117
7419,3857.9883,1975.4541,5740.5225
6307,3466.7336,1584.1995,5349.2676
6343,2548.9456,666.4114,4431.4795
6165,3764.5444,1882.0103,5647.0786
5683,2957.9426,1075.4084,4840.4766
5613,2336.4995,453.96533,4219.0337
5613,3273.1345,1390.6003,5155.669
5792,2503.4658,620.93164,4386.0
