Test_True,Test_Pred,Test_Lower,Test_Upper
4727,3758.6243,1924.7773,5592.471
4696,3570.1936,1736.3467,5404.0405
5365,3299.689,1465.842,5133.536
6027,3319.6982,1485.8513,5153.545
7419,3575.298,1741.4512,5409.145
6307,2821.309,987.46216,4655.1562
6343,2927.9067,1094.0598,4761.754
6165,2491.287,657.4402,4325.134
5683,2484.1318,650.2849,4317.9785
5613,2648.0544,814.2075,4481.9014
5613,2084.8967,251.0498,3918.7437
5792,2328.6377,494.79077,4162.4844
