Test_True,Test_Pred,Test_Lower,Test_Upper
4727,3733.4983,1980.3468,5486.65
4696,3681.5378,1928.3864,5434.6895
5365,4039.7334,2286.582,5792.885
6027,4378.657,2625.5059,6131.8086
7419,4179.507,2426.3555,5932.658
6307,3178.2646,1425.1132,4931.416
6343,3131.3364,1378.1849,4884.488
6165,3688.908,1935.7565,5442.0596
5683,4350.851,2597.6997,6104.0024
5613,3946.9585,2193.8071,5700.11
5613,2652.447,899.29553,4405.5986
5792,2585.0676,831.91614,4338.219
