Test_True,Test_Pred,Test_Lower,Test_Upper
4727,4272.838,2154.636,6391.04
4696,4082.8584,1964.6565,6201.0605
5365,3802.7258,1684.5239,5920.9277
6027,3578.8384,1460.6365,5697.04
7419,3427.9126,1309.7107,5546.1143
6307,3215.5618,1097.3599,5333.7637
6343,3073.3445,955.1426,5191.5464
6165,2901.4424,783.2405,5019.6445
5683,2746.0564,627.8545,4864.2583
5613,2611.9575,493.7556,4730.159
5613,2462.6277,344.42578,4580.8296
5792,2343.1133,224.91138,4461.3154
