Test_True,Test_Pred,Test_Lower,Test_Upper
4727,3935.4224,1442.2463,6428.5986
4696,3723.9678,1230.7917,6217.1436
5365,3338.1865,845.0105,5831.3623
6027,3185.0425,691.86646,5678.2188
7419,2732.4658,239.2898,5225.6416
6307,2520.552,27.375977,5013.728
6343,2239.3164,-253.85962,4732.492
6165,2110.1826,-382.9934,4603.3584
5683,1850.2538,-642.92224,4343.4297
5613,1694.2166,-798.9595,4187.3926
5613,1507.2823,-985.8937,4000.4585
5792,1403.7523,-1089.4237,3896.9282
