Test_True,Test_Pred,Test_Lower,Test_Upper
4727,3402.5977,1134.7175,5670.4775
4696,3616.1724,1348.2922,5884.0527
5365,3963.6338,1695.7537,6231.5137
6027,3321.3364,1053.4563,5589.217
7419,2467.1213,199.24121,4735.0015
6307,3072.4019,804.5217,5340.282
6343,3332.0908,1064.2107,5599.9707
6165,2271.3174,3.4372559,4539.1973
5683,1958.705,-309.17517,4226.585
5613,2784.9097,517.02954,5052.79
5613,2555.0425,287.16235,4822.923
5792,1477.9972,-789.88293,3745.8774
