,RMSE,MAE,MAPE,PI Width,CI Coverage,PI Overlap
mean,2806.5522047571385,2675.2759524875214,29.78002944651661,0.0,0.0,0.0
std,86.94330900053279,87.02443161215982,0.9854994474858272,0.0,0.0,0.0
