,RMSE,MAE,MAPE,PI Width,CI Coverage,PI Overlap
mean,1033.2679772463803,974.3230529785156,22.95798566239112,0.0,0.0,0.0
std,1472.3933409525634,1469.0776378538446,34.67069121061372,0.0,0.0,0.0
