True,Pred
3931,0.14764589
3727,-151.81403
4285,-29.577423
3934,-4.574635
4100,-4.451615
4112,15.674568
4296,16.7325
4371,5.886512
4252,3.8195896
4529,-0.074462175
4560,-0.3755781
4645,0.08385448
