True,Pred
3931,3534.5554
3727,2972.246
4285,2315.164
3934,1437.3629
4100,0.073558874
4112,0.073558874
4296,0.073558874
4371,0.073558874
4252,0.073558874
4529,0.073558874
4560,0.073558874
4645,497.02362
