True,Pred
2718,0.49457678
3098,0.49457678
3416,0.49457678
3721,0.49457678
3608,0.49457678
3475,0.49457678
3384,0.49457678
3668,0.49457678
3624,0.49457678
3518,0.49457678
3695,0.49457678
3745,0.49457678
4044,0.49457678
4332,0.49457678
4006,0.49457678
4252,0.49457678
4056,0.49457678
4129,0.49457678
3950,0.49457678
3980,0.49457678
4000,0.49457678
4022,0.49457678
3832,0.49457678
3820,0.49457678
4017,0.49457678
4008,0.49457678
3671,0.49457678
4155,0.49457678
3922,0.49457678
4079,0.49457678
4063,0.49457678
4085,0.49457678
4061,0.49457678
3882,0.49457678
3999,0.49457678
3692,0.49457678
3976,0.49457678
