True,Pred
3931,0.49978402
3727,0.49978402
4285,0.49978402
3934,0.49978402
4100,0.49978402
4112,0.49978402
4296,0.49978402
4371,0.49978402
4252,0.49978402
4529,0.49978402
4560,0.49978402
4645,0.49978402
