True,Pred
3931,0.3563462
3727,0.3563462
4285,0.3563462
3934,0.3563462
4100,0.3563462
4112,0.3563462
4296,220.6514
4371,258.64383
4252,0.3563462
4529,2776.9539
4560,0.3563462
4645,0.3563462
