True,Pred
3931,0.49187484
3727,0.49187484
4285,0.49187484
3934,0.49187484
4100,0.49187484
4112,0.49187484
4296,0.49187484
4371,0.49187484
4252,0.49187484
4529,0.49187484
4560,0.49187484
4645,0.49187484
