True,Pred
3931,0.48731217
3727,0.48731217
4285,0.48731217
3934,0.48731217
4100,0.48731217
4112,0.48731217
4296,0.48731217
4371,0.48731217
4252,0.48731217
4529,0.48731217
4560,0.48731217
4645,0.48731217
