True,Pred
3931,0.41448757
3727,0.41448757
4285,0.41448757
3934,0.41448757
4100,0.41448757
4112,0.41448757
4296,0.41448757
4371,0.41448757
4252,0.41448757
4529,0.41448757
4560,0.41448757
4645,0.41448757
