True,Pred
3931,0.49971887
3727,0.49971887
4285,0.49971887
3934,0.49971887
4100,0.49971887
4112,0.49971887
4296,0.49971887
4371,0.49971887
4252,0.49971887
4529,0.49971887
4560,0.49971887
4645,0.49971887
