,RMSE,MAE,MAPE,PI Width,CI Coverage,PI Overlap
mean,287.81873056253863,239.02974751790364,5.710836815838048,0.0,0.0,0.0
std,113.90637912165256,102.38648774364252,2.28516422609119,0.0,0.0,0.0
