{
  "num_seeds": 35,
  "trials_per_seed": 5,
  "timestamp": "2025-07-24T17:39:37.544996",
  "metrics": {
    "train_rmse": {
      "mean": 292.11935769928454,
      "std": 9.421492658522215,
      "lower_ci": 288.9980127736371,
      "upper_ci": 295.240702624932,
      "ci_width": 6.2426898512949265
    },
    "train_mae": {
      "mean": 236.6291925715599,
      "std": 8.44731912415146,
      "lower_ci": 233.83059179362004,
      "upper_ci": 239.42779334949978,
      "ci_width": 5.597201555879735
    },
    "train_mape": {
      "mean": 6.200503743679581,
      "std": 0.21638205207809044,
      "lower_ci": 6.128816268590993,
      "upper_ci": 6.27219121876817,
      "ci_width": 0.1433749501771775
    },
    "train_pi_coverage": {
      "mean": 95.64145658263305,
      "std": 0.7307865034899869,
      "lower_ci": 95.39934667212574,
      "upper_ci": 95.88356649314036,
      "ci_width": 0.48421982101461936
    },
    "test_rmse": {
      "mean": 1283.638531304934,
      "std": 50.0267425350433,
      "lower_ci": 1267.0646480978837,
      "upper_ci": 1300.2124145119844,
      "ci_width": 33.147766414100715
    },
    "test_mae": {
      "mean": 1098.619925362723,
      "std": 60.0431886147437,
      "lower_ci": 1078.7275888832378,
      "upper_ci": 1118.5122618422083,
      "ci_width": 39.78467295897053
    },
    "test_mape": {
      "mean": 17.870558245257133,
      "std": 1.033766937084157,
      "lower_ci": 17.52807077534959,
      "upper_ci": 18.213045715164675,
      "ci_width": 0.6849749398150848
    },
    "test_pi_coverage": {
      "mean": 61.85714285714285,
      "std": 3.6465123274431686,
      "lower_ci": 60.649051617027084,
      "upper_ci": 63.06523409725861,
      "ci_width": 2.4161824802315266
    }
  }
}