{
  "num_seeds": 90,
  "trials_per_seed": 5,
  "timestamp": "2025-07-24T18:08:50.971635",
  "metrics": {
    "train_rmse": {
      "mean": 292.2596805655988,
      "std": 14.019188416502892,
      "lower_ci": 289.3632862311765,
      "upper_ci": 295.15607490002105,
      "ci_width": 5.792788668844537
    },
    "train_mae": {
      "mean": 236.59592125587213,
      "std": 12.27624730336016,
      "lower_ci": 234.05962228612842,
      "upper_ci": 239.13222022561584,
      "ci_width": 5.072597939487423
    },
    "train_mape": {
      "mean": 6.199840031264973,
      "std": 0.3186696607050814,
      "lower_ci": 6.13400219726226,
      "upper_ci": 6.265677865267686,
      "ci_width": 0.13167566800542652
    },
    "train_pi_coverage": {
      "mean": 95.6383442265795,
      "std": 0.938681838771256,
      "lower_ci": 95.44441054947437,
      "upper_ci": 95.83227790368464,
      "ci_width": 0.38786735421027174
    },
    "test_rmse": {
      "mean": 1283.4268506171768,
      "std": 51.44290249865717,
      "lower_ci": 1272.7986368492561,
      "upper_ci": 1294.0550643850975,
      "ci_width": 21.25642753584134
    },
    "test_mae": {
      "mean": 1097.862013075087,
      "std": 60.82288788987126,
      "lower_ci": 1085.2958742478172,
      "upper_ci": 1110.4281519023566,
      "ci_width": 25.132277654539394
    },
    "test_mape": {
      "mean": 17.859184659633392,
      "std": 1.0483127525402074,
      "lower_ci": 17.64260100108253,
      "upper_ci": 18.075768318184256,
      "ci_width": 0.4331673171017272
    },
    "test_pi_coverage": {
      "mean": 61.74074074074073,
      "std": 3.573834188840864,
      "lower_ci": 61.00237894766159,
      "upper_ci": 62.479102533819876,
      "ci_width": 1.4767235861582861
    }
  }
}