{
  "num_seeds": 70,
  "trials_per_seed": 5,
  "timestamp": "2025-07-24T17:58:11.334820",
  "metrics": {
    "train_rmse": {
      "mean": 292.63352819826997,
      "std": 13.772919987789527,
      "lower_ci": 289.40701774958796,
      "upper_ci": 295.860038646952,
      "ci_width": 6.453020897364013
    },
    "train_mae": {
      "mean": 236.87032688856794,
      "std": 11.840798989981263,
      "lower_ci": 234.09644439336807,
      "upper_ci": 239.64420938376782,
      "ci_width": 5.547764990399742
    },
    "train_mape": {
      "mean": 6.208525612257524,
      "std": 0.3064480849930737,
      "lower_ci": 6.1367356106394695,
      "upper_ci": 6.280315613875578,
      "ci_width": 0.1435800032361083
    },
    "train_pi_coverage": {
      "mean": 95.5798319327731,
      "std": 0.9581142308860044,
      "lower_ci": 95.35537948697909,
      "upper_ci": 95.80428437856712,
      "ci_width": 0.44890489158802893
    },
    "test_rmse": {
      "mean": 1281.7601355020458,
      "std": 55.84641606236599,
      "lower_ci": 1268.6772855975657,
      "upper_ci": 1294.842985406526,
      "ci_width": 26.1656998089602
    },
    "test_mae": {
      "mean": 1095.5681265113465,
      "std": 66.02884526687097,
      "lower_ci": 1080.099891790108,
      "upper_ci": 1111.036361232585,
      "ci_width": 30.93646944247712
    },
    "test_mape": {
      "mean": 17.81926711504037,
      "std": 1.1377780767253447,
      "lower_ci": 17.55272575299875,
      "upper_ci": 18.085808477081986,
      "ci_width": 0.5330827240832363
    },
    "test_pi_coverage": {
      "mean": 61.88095238095239,
      "std": 3.88241281314863,
      "lower_ci": 60.97143969091814,
      "upper_ci": 62.790465070986635,
      "ci_width": 1.8190253800684957
    }
  }
}