{
  "num_seeds": 25,
  "trials_per_seed": 5,
  "timestamp": "2025-07-24T17:34:21.413268",
  "metrics": {
    "train_rmse": {
      "mean": 292.19399496751305,
      "std": 9.74055271778372,
      "lower_ci": 288.3756983021418,
      "upper_ci": 296.0122916328843,
      "ci_width": 7.636593330742471
    },
    "train_mae": {
      "mean": 236.47814479932597,
      "std": 8.808004579897606,
      "lower_ci": 233.02540700400613,
      "upper_ci": 239.93088259464582,
      "ci_width": 6.905475590639696
    },
    "train_mape": {
      "mean": 6.193895880066649,
      "std": 0.2272734874159021,
      "lower_ci": 6.104804672999616,
      "upper_ci": 6.282987087133683,
      "ci_width": 0.1781824141340671
    },
    "train_pi_coverage": {
      "mean": 95.71764705882352,
      "std": 0.6647723953072048,
      "lower_ci": 95.4570562798631,
      "upper_ci": 95.97823783778394,
      "ci_width": 0.5211815579208405
    },
    "test_rmse": {
      "mean": 1287.160053152014,
      "std": 50.166449044281094,
      "lower_ci": 1267.4948051266558,
      "upper_ci": 1306.825301177372,
      "ci_width": 39.33049605071619
    },
    "test_mae": {
      "mean": 1102.6596246744791,
      "std": 60.67934677940841,
      "lower_ci": 1078.873320736951,
      "upper_ci": 1126.4459286120073,
      "ci_width": 47.57260787505629
    },
    "test_mape": {
      "mean": 17.93964362422033,
      "std": 1.04888609638537,
      "lower_ci": 17.528480274437264,
      "upper_ci": 18.350806974003397,
      "ci_width": 0.8223266995661334
    },
    "test_pi_coverage": {
      "mean": 61.73333333333333,
      "std": 3.511251755270316,
      "lower_ci": 60.35692264526736,
      "upper_ci": 63.109744021399294,
      "ci_width": 2.7528213761319336
    }
  }
}