{
  "num_seeds": 85,
  "trials_per_seed": 5,
  "timestamp": "2025-07-24T18:06:10.555989",
  "metrics": {
    "train_rmse": {
      "mean": 291.9871551572764,
      "std": 13.685807962243024,
      "lower_ci": 289.07766394214616,
      "upper_ci": 294.8966463724066,
      "ci_width": 5.818982430260462
    },
    "train_mae": {
      "mean": 236.34437512390068,
      "std": 11.888706730518548,
      "lower_ci": 233.816932981856,
      "upper_ci": 238.87181726594534,
      "ci_width": 5.054884284089326
    },
    "train_mape": {
      "mean": 6.1933910190030765,
      "std": 0.3084156811725351,
      "lower_ci": 6.12782435918617,
      "upper_ci": 6.258957678819983,
      "ci_width": 0.13113331963381292
    },
    "train_pi_coverage": {
      "mean": 95.63091118800462,
      "std": 0.9476000348247399,
      "lower_ci": 95.42945914480879,
      "upper_ci": 95.83236323120045,
      "ci_width": 0.40290408639165776
    },
    "test_rmse": {
      "mean": 1282.8932786829,
      "std": 52.5985761289587,
      "lower_ci": 1271.7112501466409,
      "upper_ci": 1294.0753072191592,
      "ci_width": 22.364057072518335
    },
    "test_mae": {
      "mean": 1097.2359787645528,
      "std": 62.23401273414165,
      "lower_ci": 1084.0055349477295,
      "upper_ci": 1110.466422581376,
      "ci_width": 26.460887633646507
    },
    "test_mape": {
      "mean": 17.847962375004137,
      "std": 1.0726519191624604,
      "lower_ci": 17.619925320538243,
      "upper_ci": 18.07599942947003,
      "ci_width": 0.45607410893178724
    },
    "test_pi_coverage": {
      "mean": 61.76470588235294,
      "std": 3.6277159415685354,
      "lower_ci": 60.99348304391325,
      "upper_ci": 62.53592872079263,
      "ci_width": 1.5424456768793817
    }
  }
}