{
  "num_seeds": 40,
  "trials_per_seed": 5,
  "timestamp": "2025-07-24T17:42:16.248344",
  "metrics": {
    "train_rmse": {
      "mean": 293.1327223628483,
      "std": 10.08136209493332,
      "lower_ci": 290.0084758814345,
      "upper_ci": 296.25696884426213,
      "ci_width": 6.24849296282764
    },
    "train_mae": {
      "mean": 237.40532154756437,
      "std": 8.894671217262232,
      "lower_ci": 234.64883437924505,
      "upper_ci": 240.1618087158837,
      "ci_width": 5.512974336638649
    },
    "train_mape": {
      "mean": 6.221085876306437,
      "std": 0.2296344827642959,
      "lower_ci": 6.1499214128111515,
      "upper_ci": 6.292250339801722,
      "ci_width": 0.14232892699057054
    },
    "train_pi_coverage": {
      "mean": 95.59803921568627,
      "std": 0.7309676637787722,
      "lower_ci": 95.37150998976591,
      "upper_ci": 95.82456844160663,
      "ci_width": 0.45305845184071813
    },
    "test_rmse": {
      "mean": 1288.5188152163314,
      "std": 60.5209642842474,
      "lower_ci": 1269.763174070195,
      "upper_ci": 1307.2744563624678,
      "ci_width": 37.51128229227288
    },
    "test_mae": {
      "mean": 1104.1870281982422,
      "std": 70.86644423942613,
      "lower_ci": 1082.2252895977995,
      "upper_ci": 1126.1487667986848,
      "ci_width": 43.92347720088537
    },
    "test_mape": {
      "mean": 17.968155173172942,
      "std": 1.2216844858697984,
      "lower_ci": 17.589551228543787,
      "upper_ci": 18.346759117802097,
      "ci_width": 0.7572078892583107
    },
    "test_pi_coverage": {
      "mean": 61.5,
      "std": 4.010403138505319,
      "lower_ci": 60.257163191189875,
      "upper_ci": 62.742836808810125,
      "ci_width": 2.4856736176202503
    }
  }
}