{
  "num_seeds": 80,
  "trials_per_seed": 5,
  "timestamp": "2025-07-24T18:03:31.014904",
  "metrics": {
    "train_rmse": {
      "mean": 292.3934567146154,
      "std": 13.713422392481615,
      "lower_ci": 289.3883705365873,
      "upper_ci": 295.39854289264355,
      "ci_width": 6.010172356056273
    },
    "train_mae": {
      "mean": 236.72648741479014,
      "std": 11.82947595932855,
      "lower_ci": 234.13423920123086,
      "upper_ci": 239.31873562834943,
      "ci_width": 5.1844964271185745
    },
    "train_mape": {
      "mean": 6.203545035855863,
      "std": 0.3069163973168213,
      "lower_ci": 6.136289014930508,
      "upper_ci": 6.2708010567812185,
      "ci_width": 0.13451204185071042
    },
    "train_pi_coverage": {
      "mean": 95.61274509803921,
      "std": 0.9647651623744162,
      "lower_ci": 95.40133161047072,
      "upper_ci": 95.8241585856077,
      "ci_width": 0.4228269751369851
    },
    "test_rmse": {
      "mean": 1283.5511060660428,
      "std": 53.68022101200472,
      "lower_ci": 1271.7879089894975,
      "upper_ci": 1295.3143031425882,
      "ci_width": 23.526394153090678
    },
    "test_mae": {
      "mean": 1097.8983150227864,
      "std": 63.45366719319101,
      "lower_ci": 1083.9934171227553,
      "upper_ci": 1111.8032129228175,
      "ci_width": 27.809795800062147
    },
    "test_mape": {
      "mean": 17.859630332829784,
      "std": 1.0932142052181844,
      "lower_ci": 17.62006920769983,
      "upper_ci": 18.099191457959737,
      "ci_width": 0.4791222502599055
    },
    "test_pi_coverage": {
      "mean": 61.791666666666664,
      "std": 3.7153491685768154,
      "lower_ci": 60.97750488316033,
      "upper_ci": 62.605828450173,
      "ci_width": 1.6283235670126714
    }
  }
}