{
  "num_seeds": 50,
  "trials_per_seed": 5,
  "timestamp": "2025-07-24T17:47:34.047927",
  "metrics": {
    "train_rmse": {
      "mean": 293.52393789018015,
      "std": 10.984679910509088,
      "lower_ci": 290.47913996185736,
      "upper_ci": 296.56873581850294,
      "ci_width": 6.0895958566455874
    },
    "train_mae": {
      "mean": 237.8269695925245,
      "std": 9.903569049281595,
      "lower_ci": 235.08184030610758,
      "upper_ci": 240.57209887894143,
      "ci_width": 5.490258572833852
    },
    "train_mape": {
      "mean": 6.231832785819867,
      "std": 0.2552022301142533,
      "lower_ci": 6.161094336644681,
      "upper_ci": 6.302571234995052,
      "ci_width": 0.14147689835037092
    },
    "train_pi_coverage": {
      "mean": 95.6,
      "std": 0.9647058823529406,
      "lower_ci": 95.33259717206516,
      "upper_ci": 95.86740282793482,
      "ci_width": 0.5348056558696612
    },
    "test_rmse": {
      "mean": 1286.8343154307709,
      "std": 58.91487092086427,
      "lower_ci": 1270.5039463723485,
      "upper_ci": 1303.1646844891932,
      "ci_width": 32.66073811684464
    },
    "test_mae": {
      "mean": 1102.530134277344,
      "std": 69.1452643608619,
      "lower_ci": 1083.364044833275,
      "upper_ci": 1121.6962237214127,
      "ci_width": 38.332178888137605
    },
    "test_mape": {
      "mean": 17.94082349151118,
      "std": 1.1917756546563123,
      "lower_ci": 17.610480133863458,
      "upper_ci": 18.2711668491589,
      "ci_width": 0.6606867152954408
    },
    "test_pi_coverage": {
      "mean": 61.4,
      "std": 4.060103994289362,
      "lower_ci": 60.274596589859634,
      "upper_ci": 62.52540341014036,
      "ci_width": 2.2508068202807294
    }
  }
}