{
  "num_seeds": 20,
  "trials_per_seed": 5,
  "timestamp": "2025-07-24T17:31:43.463731",
  "metrics": {
    "train_rmse": {
      "mean": 291.92071770742984,
      "std": 9.873804101610144,
      "lower_ci": 287.5933322625574,
      "upper_ci": 296.2481031523023,
      "ci_width": 8.654770889744896
    },
    "train_mae": {
      "mean": 236.03147661994484,
      "std": 8.781849242629907,
      "lower_ci": 232.18266149250843,
      "upper_ci": 239.88029174738125,
      "ci_width": 7.69763025487282
    },
    "train_mape": {
      "mean": 6.179266377872969,
      "std": 0.22660536894972025,
      "lower_ci": 6.079952196101521,
      "upper_ci": 6.278580559644416,
      "ci_width": 0.1986283635428947
    },
    "train_pi_coverage": {
      "mean": 95.64705882352942,
      "std": 0.6188130916886105,
      "lower_ci": 95.37585202840644,
      "upper_ci": 95.9182656186524,
      "ci_width": 0.5424135902459568
    },
    "test_rmse": {
      "mean": 1298.305360521484,
      "std": 47.1868337722301,
      "lower_ci": 1277.6248188017769,
      "upper_ci": 1318.9859022411913,
      "ci_width": 41.361083439414415
    },
    "test_mae": {
      "mean": 1115.8963916015625,
      "std": 56.78456816981783,
      "lower_ci": 1091.0094573194285,
      "upper_ci": 1140.7833258836965,
      "ci_width": 49.773868564268014
    },
    "test_mape": {
      "mean": 18.168906189504373,
      "std": 0.979645521580934,
      "lower_ci": 17.739557609403164,
      "upper_ci": 18.59825476960558,
      "ci_width": 0.8586971602024178
    },
    "test_pi_coverage": {
      "mean": 61.333333333333336,
      "std": 3.3166247903553976,
      "lower_ci": 59.879758429862584,
      "upper_ci": 62.78690823680409,
      "ci_width": 2.9071498069415043
    }
  }
}