{
  "num_seeds": 95,
  "trials_per_seed": 5,
  "timestamp": "2025-07-24T18:11:31.336579",
  "metrics": {
    "train_rmse": {
      "mean": 292.38138515117254,
      "std": 13.985861720670462,
      "lower_ci": 289.5689436444823,
      "upper_ci": 295.19382665786276,
      "ci_width": 5.62488301338044
    },
    "train_mae": {
      "mean": 236.6650389566805,
      "std": 12.16202985678083,
      "lower_ci": 234.21935500398828,
      "upper_ci": 239.1107229093727,
      "ci_width": 4.8913679053844135
    },
    "train_mape": {
      "mean": 6.201500212618301,
      "std": 0.31592510815206865,
      "lower_ci": 6.137970277536841,
      "upper_ci": 6.265030147699761,
      "ci_width": 0.12705987016292042
    },
    "train_pi_coverage": {
      "mean": 95.640866873065,
      "std": 0.9399082578629309,
      "lower_ci": 95.45185907006436,
      "upper_ci": 95.82987467606563,
      "ci_width": 0.37801560600127004
    },
    "test_rmse": {
      "mean": 1282.8142980067103,
      "std": 51.300126630998655,
      "lower_ci": 1272.4982654077144,
      "upper_ci": 1293.1303306057061,
      "ci_width": 20.63206519799178
    },
    "test_mae": {
      "mean": 1097.196098975466,
      "std": 60.66745465346103,
      "lower_ci": 1084.9963739259565,
      "upper_ci": 1109.3958240249754,
      "ci_width": 24.39945009901885
    },
    "test_mape": {
      "mean": 17.848106480426896,
      "std": 1.0456011287454465,
      "lower_ci": 17.637844712317204,
      "upper_ci": 18.05836824853659,
      "ci_width": 0.42052353621938465
    },
    "test_pi_coverage": {
      "mean": 61.82456140350877,
      "std": 3.5382098441444025,
      "lower_ci": 61.113056569284325,
      "upper_ci": 62.53606623773321,
      "ci_width": 1.4230096684488842
    }
  }
}