{
  "num_seeds": 55,
  "trials_per_seed": 5,
  "timestamp": "2025-07-24T17:50:12.961920",
  "metrics": {
    "train_rmse": {
      "mean": 292.719894918264,
      "std": 11.035896093395442,
      "lower_ci": 289.8032582639603,
      "upper_ci": 295.6365315725677,
      "ci_width": 5.833273308607431
    },
    "train_mae": {
      "mean": 237.09735412488857,
      "std": 9.985301111256156,
      "lower_ci": 234.4583753796303,
      "upper_ci": 239.73633287014684,
      "ci_width": 5.277957490516542
    },
    "train_mape": {
      "mean": 6.21313010080028,
      "std": 0.25785398389318137,
      "lower_ci": 6.144982813573538,
      "upper_ci": 6.281277388027021,
      "ci_width": 0.13629457445348336
    },
    "train_pi_coverage": {
      "mean": 95.63636363636363,
      "std": 0.9578281721359483,
      "lower_ci": 95.38322272857198,
      "upper_ci": 95.88950454415527,
      "ci_width": 0.5062818155832929
    },
    "test_rmse": {
      "mean": 1284.4551661310884,
      "std": 57.81216652517157,
      "lower_ci": 1269.176199880859,
      "upper_ci": 1299.7341323813177,
      "ci_width": 30.55793250045872
    },
    "test_mae": {
      "mean": 1099.254296875,
      "std": 68.3520557106104,
      "lower_ci": 1081.189781823804,
      "upper_ci": 1117.3188119261958,
      "ci_width": 36.12903010239188
    },
    "test_mape": {
      "mean": 17.88391065639231,
      "std": 1.1779567560416775,
      "lower_ci": 17.57259276949122,
      "upper_ci": 18.1952285432934,
      "ci_width": 0.6226357738021804
    },
    "test_pi_coverage": {
      "mean": 61.63636363636363,
      "std": 4.0885515092176785,
      "lower_ci": 60.55581529720976,
      "upper_ci": 62.716911975517505,
      "ci_width": 2.161096678307743
    }
  }
}