{
  "num_seeds": 15,
  "trials_per_seed": 5,
  "timestamp": "2025-07-24T17:29:05.210273",
  "metrics": {
    "train_rmse": {
      "mean": 291.27368868358224,
      "std": 8.272938631609009,
      "lower_ci": 287.08700408711167,
      "upper_ci": 295.4603732800528,
      "ci_width": 8.37336919294114
    },
    "train_mae": {
      "mean": 235.6482862285539,
      "std": 7.053474609921549,
      "lower_ci": 232.0787355747965,
      "upper_ci": 239.2178368823113,
      "ci_width": 7.139101307514807
    },
    "train_mape": {
      "mean": 6.174255249716224,
      "std": 0.18873424372310665,
      "lower_ci": 6.0787425442305345,
      "upper_ci": 6.269767955201914,
      "ci_width": 0.19102541097137937
    },
    "train_pi_coverage": {
      "mean": 95.81699346405227,
      "std": 0.4676743482352535,
      "lower_ci": 95.58031758899624,
      "upper_ci": 96.05366933910831,
      "ci_width": 0.473351750112073
    },
    "test_rmse": {
      "mean": 1289.9264157736686,
      "std": 42.73351474636346,
      "lower_ci": 1268.3002734911588,
      "upper_ci": 1311.5525580561784,
      "ci_width": 43.252284565019636
    },
    "test_mae": {
      "mean": 1106.2718234592014,
      "std": 52.36591449708578,
      "lower_ci": 1079.7710143310665,
      "upper_ci": 1132.7726325873364,
      "ci_width": 53.00161825626992
    },
    "test_mape": {
      "mean": 18.00213292738232,
      "std": 0.9014521340384803,
      "lower_ci": 17.545935204651187,
      "upper_ci": 18.458330650113453,
      "ci_width": 0.9123954454622663
    },
    "test_pi_coverage": {
      "mean": 61.55555555555556,
      "std": 3.247030932489433,
      "lower_ci": 59.912331183338374,
      "upper_ci": 63.19877992777274,
      "ci_width": 3.2864487444343666
    }
  }
}