{
  "num_seeds": 100,
  "trials_per_seed": 5,
  "timestamp": "2025-07-24T18:14:12.220302",
  "metrics": {
    "train_rmse": {
      "mean": 292.20993538111486,
      "std": 13.874526085052073,
      "lower_ci": 289.4905282684447,
      "upper_ci": 294.92934249378504,
      "ci_width": 5.438814225340366
    },
    "train_mae": {
      "mean": 236.53179263844208,
      "std": 12.064412892845503,
      "lower_ci": 234.16716771144436,
      "upper_ci": 238.8964175654398,
      "ci_width": 4.729249853995441
    },
    "train_mape": {
      "mean": 6.197764061015281,
      "std": 0.31348045095994426,
      "lower_ci": 6.136321892627132,
      "upper_ci": 6.25920622940343,
      "ci_width": 0.1228843367762984
    },
    "train_pi_coverage": {
      "mean": 95.61568627450981,
      "std": 0.9515442031911507,
      "lower_ci": 95.42918361068435,
      "upper_ci": 95.80218893833528,
      "ci_width": 0.37300532765092953
    },
    "test_rmse": {
      "mean": 1284.3867745922546,
      "std": 50.992790363628835,
      "lower_ci": 1274.3921876809834,
      "upper_ci": 1294.3813615035258,
      "ci_width": 19.989173822542398
    },
    "test_mae": {
      "mean": 1099.2207740071617,
      "std": 60.4317665666428,
      "lower_ci": 1087.3761477600997,
      "upper_ci": 1111.0654002542237,
      "ci_width": 23.689252494124048
    },
    "test_mape": {
      "mean": 17.88326373202864,
      "std": 1.0418501326850795,
      "lower_ci": 17.679061106022367,
      "upper_ci": 18.087466358034916,
      "ci_width": 0.4084052520125496
    },
    "test_pi_coverage": {
      "mean": 61.71666666666666,
      "std": 3.499642838919422,
      "lower_ci": 61.030736670238454,
      "upper_ci": 62.40259666309487,
      "ci_width": 1.3718599928564146
    }
  }
}