{
  "num_seeds": 60,
  "trials_per_seed": 5,
  "timestamp": "2025-07-24T17:52:52.334219",
  "metrics": {
    "train_rmse": {
      "mean": 293.5262050482315,
      "std": 13.972201645632571,
      "lower_ci": 289.9907502350502,
      "upper_ci": 297.06165986141275,
      "ci_width": 7.07090962636255
    },
    "train_mae": {
      "mean": 237.54665152356517,
      "std": 12.100520363236308,
      "lower_ci": 234.48479741887766,
      "upper_ci": 240.6085056282527,
      "ci_width": 6.123708209375025
    },
    "train_mape": {
      "mean": 6.225475922998178,
      "std": 0.3135925153553083,
      "lower_ci": 6.146126068486373,
      "upper_ci": 6.304825777509983,
      "ci_width": 0.15869970902360997
    },
    "train_pi_coverage": {
      "mean": 95.62091503267973,
      "std": 0.9339775517854244,
      "lower_ci": 95.38458610509836,
      "upper_ci": 95.8572439602611,
      "ci_width": 0.47265785516273695
    },
    "test_rmse": {
      "mean": 1283.132993907196,
      "std": 56.691217695197665,
      "lower_ci": 1268.7881366292274,
      "upper_ci": 1297.4778511851644,
      "ci_width": 28.689714555936916
    },
    "test_mae": {
      "mean": 1097.4843701171876,
      "std": 67.19451421985097,
      "lower_ci": 1080.4818121278956,
      "upper_ci": 1114.4869281064796,
      "ci_width": 34.005115978583945
    },
    "test_mape": {
      "mean": 17.853069532202916,
      "std": 1.158432415345505,
      "lower_ci": 17.559945687983372,
      "upper_ci": 18.14619337642246,
      "ci_width": 0.5862476884390873
    },
    "test_pi_coverage": {
      "mean": 61.722222222222214,
      "std": 4.070747800382747,
      "lower_ci": 60.69218091097268,
      "upper_ci": 62.75226353347175,
      "ci_width": 2.060082622499067
    }
  }
}