{
  "num_seeds": 10,
  "trials_per_seed": 5,
  "timestamp": "2025-07-24T17:26:26.476654",
  "metrics": {
    "train_rmse": {
      "mean": 291.7343541142145,
      "std": 9.740923705684125,
      "lower_ci": 285.6968670511322,
      "upper_ci": 297.77184117729684,
      "ci_width": 12.074974126164648
    },
    "train_mae": {
      "mean": 235.96678337545958,
      "std": 8.129614315058388,
      "lower_ci": 230.92799621953793,
      "upper_ci": 241.00557053138124,
      "ci_width": 10.077574311843307
    },
    "train_mape": {
      "mean": 6.18360990545707,
      "std": 0.21789943826623823,
      "lower_ci": 6.048554434401727,
      "upper_ci": 6.318665376512413,
      "ci_width": 0.2701109421106853
    },
    "train_pi_coverage": {
      "mean": 95.80392156862744,
      "std": 0.3062843010159512,
      "lower_ci": 95.61408459208589,
      "upper_ci": 95.993758545169,
      "ci_width": 0.37967395308311325
    },
    "test_rmse": {
      "mean": 1286.3747025762527,
      "std": 49.52393445055859,
      "lower_ci": 1255.6794499911505,
      "upper_ci": 1317.069955161355,
      "ci_width": 61.390505170204506
    },
    "test_mae": {
      "mean": 1101.9943505859376,
      "std": 60.91659431856968,
      "lower_ci": 1064.2378542578956,
      "upper_ci": 1139.7508469139796,
      "ci_width": 75.51299265608395
    },
    "test_mape": {
      "mean": 17.931111473076065,
      "std": 1.048353975328725,
      "lower_ci": 17.28133494727444,
      "upper_ci": 18.58088799887769,
      "ci_width": 1.2995530516032474
    },
    "test_pi_coverage": {
      "mean": 62.16666666666667,
      "std": 3.730504880933229,
      "lower_ci": 59.85447578642632,
      "upper_ci": 64.47885754690702,
      "ci_width": 4.624381760480702
    }
  }
}