{
  "num_seeds": 45,
  "trials_per_seed": 5,
  "timestamp": "2025-07-24T17:44:54.824531",
  "metrics": {
    "train_rmse": {
      "mean": 292.7551483136699,
      "std": 11.008120219541462,
      "lower_ci": 289.53880071192634,
      "upper_ci": 295.97149591541347,
      "ci_width": 6.432695203487128
    },
    "train_mae": {
      "mean": 237.045423070704,
      "std": 9.810381159544303,
      "lower_ci": 234.1790303274019,
      "upper_ci": 239.9118158140061,
      "ci_width": 5.7327854866042
    },
    "train_mape": {
      "mean": 6.211492491946261,
      "std": 0.2519828052207062,
      "lower_ci": 6.137868269546009,
      "upper_ci": 6.285116714346514,
      "ci_width": 0.14724844480050514
    },
    "train_pi_coverage": {
      "mean": 95.53812636165578,
      "std": 0.9216896555725138,
      "lower_ci": 95.26882749371737,
      "upper_ci": 95.8074252295942,
      "ci_width": 0.5385977358768343
    },
    "test_rmse": {
      "mean": 1287.9545561118564,
      "std": 60.90979436660284,
      "lower_ci": 1270.1579598604867,
      "upper_ci": 1305.751152363226,
      "ci_width": 35.593192502739385
    },
    "test_mae": {
      "mean": 1103.5239858217592,
      "std": 71.4858162516662,
      "lower_ci": 1082.6372922651633,
      "upper_ci": 1124.410679378355,
      "ci_width": 41.7733871131918
    },
    "test_mape": {
      "mean": 17.95678688582868,
      "std": 1.2326943948422355,
      "lower_ci": 17.59661879341492,
      "upper_ci": 18.316954978242443,
      "ci_width": 0.7203361848275236
    },
    "test_pi_coverage": {
      "mean": 61.44444444444446,
      "std": 4.210510071443647,
      "lower_ci": 60.21421951045758,
      "upper_ci": 62.67466937843133,
      "ci_width": 2.4604498679737503
    }
  }
}