{
  "num_seeds": 30,
  "trials_per_seed": 5,
  "timestamp": "2025-07-24T17:36:59.627903",
  "metrics": {
    "train_rmse": {
      "mean": 292.0785019091387,
      "std": 9.993617957568803,
      "lower_ci": 288.5023316513253,
      "upper_ci": 295.65467216695214,
      "ci_width": 7.152340515626861
    },
    "train_mae": {
      "mean": 236.41791765599467,
      "std": 8.899609021047935,
      "lower_ci": 233.23323346830912,
      "upper_ci": 239.60260184368022,
      "ci_width": 6.369368375371096
    },
    "train_mape": {
      "mean": 6.195491244514391,
      "std": 0.22756067671822522,
      "lower_ci": 6.114059702165778,
      "upper_ci": 6.276922786863003,
      "ci_width": 0.162863084697225
    },
    "train_pi_coverage": {
      "mean": 95.60784313725486,
      "std": 0.7329592558889519,
      "lower_ci": 95.34555703604224,
      "upper_ci": 95.87012923846748,
      "ci_width": 0.5245722024252473
    },
    "test_rmse": {
      "mean": 1282.2318143705513,
      "std": 52.918617932820815,
      "lower_ci": 1263.295130144733,
      "upper_ci": 1301.1684985963695,
      "ci_width": 37.87336845163645
    },
    "test_mae": {
      "mean": 1096.8827151150174,
      "std": 63.51523693186225,
      "lower_ci": 1074.1540794799448,
      "upper_ci": 1119.61135075009,
      "ci_width": 45.45727127014516
    },
    "test_mape": {
      "mean": 17.841909930003016,
      "std": 1.0931968345595655,
      "lower_ci": 17.45071446682976,
      "upper_ci": 18.233105393176274,
      "ci_width": 0.7823909263465154
    },
    "test_pi_coverage": {
      "mean": 62.166666666666664,
      "std": 3.80423740350444,
      "lower_ci": 60.80533779519721,
      "upper_ci": 63.52799553813612,
      "ci_width": 2.7226577429389067
    }
  }
}