{
  "num_seeds": 5,
  "trials_per_seed": 5,
  "timestamp": "2025-07-24T17:23:47.940136",
  "metrics": {
    "train_rmse": {
      "mean": 290.4525010698673,
      "std": 8.54801996378998,
      "lower_ci": 282.9598312147399,
      "upper_ci": 297.9451709249947,
      "ci_width": 14.985339710254834
    },
    "train_mae": {
      "mean": 234.474794921875,
      "std": 7.000465427329899,
      "lower_ci": 228.33861642657348,
      "upper_ci": 240.61097341717652,
      "ci_width": 12.272356990603043
    },
    "train_mape": {
      "mean": 6.146159592082759,
      "std": 0.1884653827860366,
      "lower_ci": 5.980962400415241,
      "upper_ci": 6.311356783750276,
      "ci_width": 0.3303943833350349
    },
    "train_pi_coverage": {
      "mean": 95.76470588235294,
      "std": 0.3842336851424626,
      "lower_ci": 95.42791020777722,
      "upper_ci": 96.10150155692867,
      "ci_width": 0.6735913491514509
    },
    "test_rmse": {
      "mean": 1272.3105042638222,
      "std": 64.67093943105974,
      "lower_ci": 1215.6239265030667,
      "upper_ci": 1328.9970820245776,
      "ci_width": 113.37315552151085
    },
    "test_mae": {
      "mean": 1081.7061165364582,
      "std": 78.37284583807082,
      "lower_ci": 1013.0092882699154,
      "upper_ci": 1150.402944803001,
      "ci_width": 137.39365653308562
    },
    "test_mape": {
      "mean": 17.57275527174985,
      "std": 1.342618550229015,
      "lower_ci": 16.395898224053447,
      "upper_ci": 18.74961231944625,
      "ci_width": 2.353714095392803
    },
    "test_pi_coverage": {
      "mean": 64.00000000000001,
      "std": 4.163331998932261,
      "lower_ci": 60.35067860189507,
      "upper_ci": 67.64932139810496,
      "ci_width": 7.29864279620989
    }
  }
}