{
  "num_seeds": 65,
  "trials_per_seed": 5,
  "timestamp": "2025-07-24T17:55:31.555904",
  "metrics": {
    "train_rmse": {
      "mean": 293.21988953702623,
      "std": 13.906300764562488,
      "lower_ci": 289.8391554611038,
      "upper_ci": 296.60062361294865,
      "ci_width": 6.761468151844838
    },
    "train_mae": {
      "mean": 237.3307191064527,
      "std": 11.96798951411738,
      "lower_ci": 234.42120415667074,
      "upper_ci": 240.24023405623467,
      "ci_width": 5.81902989956393
    },
    "train_mape": {
      "mean": 6.220453163194945,
      "std": 0.310043154950045,
      "lower_ci": 6.145079167141502,
      "upper_ci": 6.295827159248387,
      "ci_width": 0.1507479921068846
    },
    "train_pi_coverage": {
      "mean": 95.56561085972851,
      "std": 0.9554549813492196,
      "lower_ci": 95.33333203388227,
      "upper_ci": 95.79788968557475,
      "ci_width": 0.46455765169247343
    },
    "test_rmse": {
      "mean": 1282.405291763568,
      "std": 57.48110485101282,
      "lower_ci": 1268.431170738752,
      "upper_ci": 1296.379412788384,
      "ci_width": 27.948242049631972
    },
    "test_mae": {
      "mean": 1096.2239236528444,
      "std": 67.98225998031965,
      "lower_ci": 1079.6968869689147,
      "upper_ci": 1112.7509603367741,
      "ci_width": 33.05407336785947
    },
    "test_mape": {
      "mean": 17.830463571366113,
      "std": 1.1714915543134732,
      "lower_ci": 17.545664509101083,
      "upper_ci": 18.115262633631144,
      "ci_width": 0.5695981245300601
    },
    "test_pi_coverage": {
      "mean": 61.84615384615385,
      "std": 3.9777487611839657,
      "lower_ci": 60.879130982916074,
      "upper_ci": 62.81317670939162,
      "ci_width": 1.9340457264755457
    }
  }
}