{
  "num_seeds": 75,
  "trials_per_seed": 5,
  "timestamp": "2025-07-24T18:00:51.525427",
  "metrics": {
    "train_rmse": {
      "mean": 291.83887397297156,
      "std": 13.806548816257758,
      "lower_ci": 288.71415782011826,
      "upper_ci": 294.96359012582485,
      "ci_width": 6.249432305706591
    },
    "train_mae": {
      "mean": 236.21349125561682,
      "std": 11.88948997352622,
      "lower_ci": 233.52264636281367,
      "upper_ci": 238.90433614841996,
      "ci_width": 5.381689785606284
    },
    "train_mape": {
      "mean": 6.190697203919829,
      "std": 0.30875194420898927,
      "lower_ci": 6.120820060823892,
      "upper_ci": 6.2605743470157655,
      "ci_width": 0.1397542861918737
    },
    "train_pi_coverage": {
      "mean": 95.6078431372549,
      "std": 0.9476898802819269,
      "lower_ci": 95.39336072631919,
      "upper_ci": 95.82232554819062,
      "ci_width": 0.4289648218714319
    },
    "test_rmse": {
      "mean": 1282.897552886043,
      "std": 55.050861192992656,
      "lower_ci": 1270.4383701107163,
      "upper_ci": 1295.3567356613698,
      "ci_width": 24.91836555065356
    },
    "test_mae": {
      "mean": 1096.8173119574656,
      "std": 65.05139362692024,
      "lower_ci": 1082.0947956257737,
      "upper_ci": 1111.5398282891574,
      "ci_width": 29.4450326633837
    },
    "test_mape": {
      "mean": 17.8399361719122,
      "std": 1.1206801217135631,
      "lower_ci": 17.58630238369306,
      "upper_ci": 18.09356996013134,
      "ci_width": 0.5072675764382808
    },
    "test_pi_coverage": {
      "mean": 61.86666666666665,
      "std": 3.800194926774345,
      "lower_ci": 61.00660158959973,
      "upper_ci": 62.72673174373357,
      "ci_width": 1.720130154133841
    }
  }
}