,RMSE,MAE,MAPE,PI Width,CI Coverage,PI Overlap
mean,2793.3672251835374,2659.8961086697045,29.598292381849273,0.0,0.0,0.0
std,38.14543730849152,37.86788171554257,0.4278198316331181,0.0,0.0,0.0
