True,Pred
3931,2058.6245
3727,455.81256
4285,85.046036
3934,154.44804
4100,68.44523
4112,37.464996
4296,7.2284966
4371,9.68207
4252,4.1320133
4529,1.7260073
4560,1.1336198
4645,0.57079756
