True,Pred
3931,-5.9477572
3727,-91.962746
4285,-56.394196
3934,-6.7651167
4100,-8.9049835
4112,-2.0202014
4296,0.036072657
4371,0.124759726
4252,0.18201031
4529,0.1962645
4560,0.19792946
4645,0.1985317
