,RMSE,MAE,MAPE,PI_Width,CI_Coverage,PI_Overlap
mean,510.17292719442906,448.014687093099,10.298403589428132,0.0,0.0,0.0
std,168.6693868128484,166.95285619717745,3.875968084707173,0.0,0.0,0.0
