,RMSE,MAE,MAPE,PI Width,CI Coverage,PI Overlap
mean,306.9117496335164,256.7518344455296,5.905197748029171,0.0,0.0,0.0
std,48.71526398357246,42.67792691417611,0.9625922008737005,0.0,0.0,0.0
