,RMSE,MAE,MAPE,PI_Width,CI_Coverage,PI_Overlap
mean,635.1312946695442,582.4291049533421,13.545704373397466,0.0,0.0,0.0
std,284.79260877044715,291.7074980735793,6.848357206328364,0.0,0.0,0.0
