,RMSE,MAE,MAPE,PI_Width,CI_Coverage,PI_Overlap
mean,571.1800788419657,513.9782097710504,11.855159411920296,0.0,0.0,0.0
std,194.84213853600002,199.4397074121528,4.6715476962347635,0.0,0.0,0.0
