,RMSE,MAE,MAPE,PI Width,CI Coverage,PI Overlap
mean,334.55840796380977,280.63080376519093,6.454925923721875,0.0,0.0,0.0
std,69.4940869490051,61.31038447760565,1.4041961492664385,0.0,0.0,0.0
