,RMSE,MAE,MAPE,PI_Width,CI_Coverage,PI_Overlap
mean,1193.2889488647572,1143.9602796766494,26.90595893607276,0.0,0.0,0.0
std,2862.538477809516,2856.903705423597,67.46013403155517,0.0,0.0,0.0
