,RMSE,MAE,MAPE,PI Width,CI Coverage,PI Overlap
mean,351.08850884578516,291.92637396918406,6.690535897928046,0.0,0.0,0.0
std,24.5435840386438,21.146690892801146,0.4668901304167647,0.0,0.0,0.0
