,RMSE,MAE,MAPE,PI Width,CI Coverage,PI Overlap
mean,2779.3361288682486,2646.9558034261063,29.45565286263126,0.0,0.0,0.0
std,16.897334953981673,16.700092089231813,0.18831772556016332,0.0,0.0,0.0
