,RMSE,MAE,MAPE,PI Width,CI Coverage,PI Overlap
mean,684.408235560341,642.6580553690593,15.14780165291517,0.0,0.0,0.0
std,1220.2218151327465,1223.5068713758485,28.901059222236707,0.0,0.0,0.0
