,RMSE,MAE,MAPE,PI_Width,CI_Coverage,PI_Overlap
mean,625.1301862670069,570.2516913519964,13.232018699445849,0.0,0.0,0.0
std,262.1139925527952,270.5001455541726,6.302392986649013,0.0,0.0,0.0
