,RMSE,MAE,MAPE,PI Width,CI Coverage,PI Overlap
mean,252.18187333520348,208.92911716037327,4.823574757349548,0.0,0.0,0.0
std,25.98336270942688,21.704276312196523,0.48262582624452793,0.0,0.0,0.0
