,RMSE,MAE,MAPE,PI Width,CI Coverage,PI Overlap
mean,354.33027985899685,295.53120117187507,6.766563090618003,0.0,0.0,0.0
std,30.74867508214279,27.630893673176086,0.6267933306798164,0.0,0.0,0.0
