,RMSE,MAE,MAPE,PI_Width,CI_Coverage,PI_Overlap
mean,627.303972277415,571.2569247775607,13.202886608426743,0.0,0.0,0.0
std,265.94394970021887,273.34398337348614,6.44258529950965,0.0,0.0,0.0
