{
  "model_name": "lstm",
  "analysis_type": "seed",
  "optimal_parameters": {
    "lookback": 9,
    "batch_size": 8,
    "epochs": 100
  },
  "timestamp": "2025-07-25T00:42:53.921041",
  "output_directory": "sensitivity_analysis_lstm_seed_2",
  "final_num_seeds": 200,
  "trials_per_seed": 10,
  "final_metrics": {
    "train_rmse": {
      "mean": 292.4741847200694,
      "std": 16.490275787285565,
      "lower_ci": 290.1887490968355,
      "upper_ci": 294.75962034330325,
      "ci_width": 4.570871246467732
    },
    "train_mae": {
      "mean": 236.3027191472521,
      "std": 14.946875090434894,
      "lower_ci": 234.23118794738912,
      "upper_ci": 238.3742503471151,
      "ci_width": 4.143062399725977
    },
    "train_mape": {
      "mean": 6.187746571783793,
      "std": 0.38487783379892887,
      "lower_ci": 6.134405225447101,
      "upper_ci": 6.241087918120486,
      "ci_width": 0.1066826926733846
    },
    "train_pi_coverage": {
      "mean": 95.32156862745097,
      "std": 1.1029372548949887,
      "lower_ci": 95.16870932266771,
      "upper_ci": 95.47442793223424,
      "ci_width": 0.30571860956652586
    },
    "test_rmse": {
      "mean": 1292.3985718558642,
      "std": 50.630085974301295,
      "lower_ci": 1285.3815999394649,
      "upper_ci": 1299.4155437722636,
      "ci_width": 14.033943832798741
    },
    "test_mae": {
      "mean": 1106.8586867523193,
      "std": 55.13916131116486,
      "lower_ci": 1099.2167888773947,
      "upper_ci": 1114.5005846272438,
      "ci_width": 15.283795749849105
    },
    "test_mape": {
      "mean": 18.014265816657907,
      "std": 0.9471484523061718,
      "lower_ci": 17.882997738348365,
      "upper_ci": 18.14553389496745,
      "ci_width": 0.2625361566190847
    },
    "test_pi_coverage": {
      "mean": 61.67916666666666,
      "std": 2.7239645076411856,
      "lower_ci": 61.301644446754004,
      "upper_ci": 62.056688886579316,
      "ci_width": 0.755044439825312
    }
  }
}