,RMSE,MAE,MAPE,PI_Width,CI_Coverage,PI_Overlap
mean,445.57849431455156,386.9001505533854,8.952723331547352,0.0,0.0,0.0
std,163.7034485824114,158.30434911659668,3.589208435430332,0.0,0.0,0.0
