,RMSE,MAE,MAPE,PI Width,CI Coverage,PI Overlap
mean,2839.5382404415573,2705.9358011881504,30.1187772286064,0.0,0.0,0.0
std,5.9718077305065425,5.754325571943075,0.06429072588923189,0.0,0.0,0.0
