,RMSE,MAE,MAPE,PI Width,CI Coverage,PI Overlap
mean,411.45243395122094,360.7746246337891,8.573456464613582,0.0,0.0,0.0
std,700.6256064178,696.4350622734817,16.356640334762922,0.0,0.0,0.0
