True,Pred
3931,1442.5674
3727,760.28955
4285,404.40408
3934,211.63264
4100,113.36222
4112,33.204323
4296,2.0787458
4371,-27.084599
4252,3.7534194
4529,14.453485
4560,5.7869225
4645,1.9673735
