,RMSE,MAE,MAPE,PI Width,CI Coverage,PI Overlap
mean,2003.2988256587435,1902.0809809366863,44.38714731241502,0.0,0.0,0.0
std,1496.2295467688662,1465.754940641078,34.391795651419514,0.0,0.0,0.0
