True,Pred
3931,2538.3647
3727,1373.396
4285,865.84296
3934,449.44934
4100,322.66232
4112,139.6326
4296,90.67991
4371,45.67159
4252,32.420662
4529,18.108528
4560,9.087379
4645,3.9593468
