True,Pred
3931,2817.6814
3727,2030.6107
4285,2172.5464
3934,1791.076
4100,1329.3092
4112,1250.8397
4296,1117.2777
4371,836.8781
4252,636.37256
4529,620.44446
4560,532.8985
4645,396.74384
