True,Pred
3931,2133.2078
3727,1773.1041
4285,1370.8245
3934,968.91315
4100,710.9625
4112,524.94257
4296,377.88126
4371,275.91626
4252,200.70842
4529,145.32426
4560,105.323
4645,75.40794
