,RMSE,MAE,MAPE,PI Width,CI Coverage,PI Overlap
mean,416.82319278642353,376.9257839626737,8.994745728787318,0.0,0.0,0.0
std,130.64222688689625,133.42104403417437,3.1024314153333536,0.0,0.0,0.0
