True,Pred
3931.0,4066.457871787243
3727.0,3925.6939351917986
4285.0,4280.736213341272
3934.0,4105.930740764852
4100.0,4158.237093746045
4112.0,4057.7479947661263
4296.0,4154.341454796665
4371.0,4150.2589972432515
4252.0,4076.11643432804
4529.0,4127.184257684182
4560.0,3976.6862504791507
4645.0,4209.915173041583
