,RMSE,MAE,MAPE,PI Width,CI Coverage,PI Overlap
mean,3352.1403336098665,3328.307797241211,78.66424844855628,0.0,0.0,0.0
std,1682.6297313931566,1701.664341570562,40.346565038984714,0.0,0.0,0.0
