True,Pred
3931,0.17247213
3727,0.17247213
4285,0.17247213
3934,0.17247213
4100,0.17247213
4112,0.17247213
4296,0.17247213
4371,0.17247213
4252,0.17247213
4529,0.17247213
4560,0.17247213
4645,0.17247213
