True,Pred
3931,0.19479172
3727,0.19479172
4285,0.19479172
3934,0.19479172
4100,0.19479172
4112,0.19479172
4296,0.19479172
4371,0.19479172
4252,0.19479172
4529,0.19479172
4560,0.19479172
4645,0.19479172
