True,Pred
3931,0.19900887
3727,0.19900887
4285,0.19900887
3934,-82.3631
4100,-101.85744
4112,-7.6525044
4296,-1.3691276
4371,0.19900887
4252,-1.5562968
4529,-2.7750566
4560,-0.16809581
4645,0.09957214
