True,Pred
3931,0.19990247
3727,0.19990247
4285,0.19990247
3934,-27.131117
4100,-6.7298474
4112,-0.015614584
4296,-0.43917423
4371,-0.111457944
4252,0.19990247
4529,0.19990247
4560,0.19990247
4645,0.19990247
