True,Pred
3931,0.17836979
3727,0.17836979
4285,0.17836979
3934,1994.1658
4100,0.17836979
4112,307.67957
4296,0.17836979
4371,12.323403
4252,1022.3879
4529,1080.1174
4560,145.28012
4645,0.17836979
