True,Pred
3931,0.19990247
3727,0.19990247
4285,0.19990247
3934,0.19990247
4100,0.19990247
4112,0.19990247
4296,0.19990247
4371,0.19990247
4252,0.19990247
4529,0.19990247
4560,0.19990247
4645,0.19990247
