True,Pred
3931,0.15386051
3727,0.15386051
4285,0.15386051
3934,0.15386051
4100,0.15386051
4112,0.15386051
4296,0.15386051
4371,0.15386051
4252,0.15386051
4529,0.15386051
4560,0.15386051
4645,0.15386051
