True,Pred
3931,0.19990247
3727,-149.82501
4285,0.19990247
3934,0.19990247
4100,0.19990247
4112,-3.1451724
4296,0.19990247
4371,0.19990247
4252,-0.18684894
4529,0.14700767
4560,0.19990247
4645,0.14805886
