True,Pred
2822.0,3863.896
2850.0000000000005,3849.7786
2634.0,3866.56
2734.0,3854.8164
2810.0,3853.8623
2925.0,3854.2668
2969.9999999999995,3852.946
2739.0,3852.743
2718.0000000000005,3852.6184
3097.9999999999995,3852.4407
3416.0,3852.3857
3721.0,3852.3472
3608.0,3852.3174
3475.0,3852.304
3384.0,3852.2952
3668.0,3852.2898
3623.9999999999995,3852.2866
3518.0,3852.285
3694.9999999999995,3852.2837
3745.0,3852.2827
4044.0,3852.2825
4332.0,3852.2822
4006.0,3852.2822
4252.0,3852.2822
4056.0,3852.2817
4129.0,3852.2822
3950.0,3852.282
3980.0,3852.282
4000.0,3852.282
4021.9999999999995,3852.282
3832.0,3852.282
3820.0,3852.282
4017.0,3852.2817
4008.0,3852.2817
3671.0,3852.282
4155.0,3852.2817
3922.0,3852.2817
4079.0,3852.282
4063.0,3852.2817
4085.0,3852.2817
4061.0,3852.282
3882.0,3852.2817
3999.0,3852.2817
3692.0,3852.282
3976.0,3852.2817
