True,Pred
2822.0,3839.6868
2850.0000000000005,3836.7888
2634.0,3839.5134
2734.0,3836.3264
2810.0,3836.2488
2925.0,3836.218
2969.9999999999995,3836.1404
2739.0,3836.1357
2718.0000000000005,3836.1323
3097.9999999999995,3836.1304
3416.0,3836.1304
3721.0,3836.13
3608.0,3836.1301
3475.0,3836.1301
3384.0,3836.1301
3668.0,3836.1301
3623.9999999999995,3836.1301
3518.0,3836.1301
3694.9999999999995,3836.1301
3745.0,3836.1301
4044.0,3836.1301
4332.0,3836.1301
4006.0,3836.1301
4252.0,3836.1301
4056.0,3836.1301
4129.0,3836.1301
3950.0,3836.1301
3980.0,3836.1301
4000.0,3836.1301
4021.9999999999995,3836.1301
3832.0,3836.1301
3820.0,3836.1301
4017.0,3836.1301
4008.0,3836.1301
3671.0,3836.1301
4155.0,3836.1301
3922.0,3836.1301
4079.0,3836.1301
4063.0,3836.1301
4085.0,3836.1301
4061.0,3836.1301
3882.0,3836.1301
3999.0,3836.1301
3692.0,3836.1301
3976.0,3836.1301
