True,Pred
2822.0,3789.637
2850.0000000000005,3780.6194
2634.0,3785.1636
2734.0,3774.9678
2810.0,3774.2498
2925.0,3773.8901
2969.9999999999995,3773.2876
2739.0,3773.2
2718.0000000000005,3773.1428
3097.9999999999995,3773.1028
3416.0,3773.0933
3721.0,3773.0876
3608.0,3773.085
3475.0,3773.0837
3384.0,3773.0835
3668.0,3773.0828
3623.9999999999995,3773.0825
3518.0,3773.0828
3694.9999999999995,3773.0828
3745.0,3773.0828
4044.0,3773.0833
4332.0,3773.0828
4006.0,3773.0828
4252.0,3773.0828
4056.0,3773.0828
4129.0,3773.0825
3950.0,3773.0828
3980.0,3773.0825
4000.0,3773.0828
4021.9999999999995,3773.0825
3832.0,3773.0833
3820.0,3773.0833
4017.0,3773.0828
4008.0,3773.0833
3671.0,3773.0828
4155.0,3773.0828
3922.0,3773.0825
4079.0,3773.0825
4063.0,3773.0828
4085.0,3773.0825
4061.0,3773.0823
3882.0,3773.0833
3999.0,3773.0833
3692.0,3773.0828
3976.0,3773.0828
