True,Pred
2822.0,3481.3801
2850.0000000000005,3433.3823
2634.0,3410.214
2734.0,3362.3525
2810.0,3351.8298
2925.0,3344.8274
2969.9999999999995,3339.2954
2739.0,3337.3
2718.0000000000005,3336.058
3097.9999999999995,3335.3108
3416.0,3334.9685
3721.0,3334.7693
3608.0,3334.659
3475.0,3334.603
3384.0,3334.572
3668.0,3334.5552
3623.9999999999995,3334.5464
3518.0,3334.5413
3694.9999999999995,3334.539
3745.0,3334.5376
4044.0,3334.5366
4332.0,3334.5364
4006.0,3334.5361
4252.0,3334.536
4056.0,3334.536
4129.0,3334.536
3950.0,3334.5361
3980.0,3334.536
4000.0,3334.5361
4021.9999999999995,3334.5361
3832.0,3334.5356
3820.0,3334.536
4017.0,3334.536
4008.0,3334.536
3671.0,3334.5361
4155.0,3334.536
3922.0,3334.536
4079.0,3334.5361
4063.0,3334.5361
4085.0,3334.536
4061.0,3334.5356
3882.0,3334.5356
3999.0,3334.5352
3692.0,3334.5352
3976.0,3334.536
