True,Pred
2822.0,3484.2441
2850.0000000000005,3438.1746
2634.0,3414.905
2734.0,3366.228
2810.0,3355.5415
2925.0,3348.0884
2969.9999999999995,3342.102
2739.0,3339.941
2718.0000000000005,3338.5408
3097.9999999999995,3337.685
3416.0,3337.288
3721.0,3337.0505
3608.0,3336.9167
3475.0,3336.8472
3384.0,3336.8076
3668.0,3336.7864
3623.9999999999995,3336.775
3518.0,3336.768
3694.9999999999995,3336.7644
3745.0,3336.7625
4044.0,3336.7617
4332.0,3336.7607
4006.0,3336.7605
4252.0,3336.7605
4056.0,3336.76
4129.0,3336.76
3950.0,3336.7603
3980.0,3336.76
4000.0,3336.7603
4021.9999999999995,3336.7603
3832.0,3336.76
3820.0,3336.7603
4017.0,3336.7603
4008.0,3336.76
3671.0,3336.76
4155.0,3336.76
3922.0,3336.76
4079.0,3336.76
4063.0,3336.7603
4085.0,3336.76
4061.0,3336.7603
3882.0,3336.76
3999.0,3336.76
3692.0,3336.7598
3976.0,3336.76
