True,Pred
2822.0,3951.988
2850.0000000000005,3946.0376
2634.0,3959.4326
2734.0,3958.462
2810.0,3958.6313
2925.0,3959.2764
2969.9999999999995,3959.256
2739.0,3959.2883
2718.0000000000005,3959.3206
3097.9999999999995,3959.3218
3416.0,3959.3245
3721.0,3959.327
3608.0,3959.3267
3475.0,3959.327
3384.0,3959.3271
3668.0,3959.3276
3623.9999999999995,3959.328
3518.0,3959.3276
3694.9999999999995,3959.3271
3745.0,3959.3271
4044.0,3959.3271
4332.0,3959.3276
4006.0,3959.3276
4252.0,3959.3276
4056.0,3959.3276
4129.0,3959.328
3950.0,3959.3271
3980.0,3959.3276
4000.0,3959.3281
4021.9999999999995,3959.3276
3832.0,3959.3276
3820.0,3959.328
4017.0,3959.3271
4008.0,3959.3276
3671.0,3959.3276
4155.0,3959.3276
3922.0,3959.3276
4079.0,3959.328
4063.0,3959.3271
4085.0,3959.3276
4061.0,3959.3281
3882.0,3959.3276
3999.0,3959.3276
3692.0,3959.328
3976.0,3959.3271
