True,Pred
2822.0,3626.7358
2850.0000000000005,3568.822
2634.0,3543.8003
2734.0,3487.406
2810.0,3467.1086
2925.0,3452.4956
2969.9999999999995,3440.1387
2739.0,3433.487
2718.0000000000005,3428.7966
3097.9999999999995,3425.5396
3416.0,3423.5059
3721.0,3422.122
3608.0,3421.1992
3475.0,3420.5967
3384.0,3420.194
3668.0,3419.927
3623.9999999999995,3419.7507
3518.0,3419.6335
3694.9999999999995,3419.556
3745.0,3419.5046
4044.0,3419.47
4332.0,3419.4478
4006.0,3419.433
4252.0,3419.4229
4056.0,3419.4163
4129.0,3419.412
3950.0,3419.4092
3980.0,3419.4072
4000.0,3419.406
4021.9999999999995,3419.4053
3832.0,3419.4043
3820.0,3419.4043
4017.0,3419.404
4008.0,3419.404
3671.0,3419.4038
4155.0,3419.4033
3922.0,3419.4038
4079.0,3419.4038
4063.0,3419.4033
4085.0,3419.404
4061.0,3419.4038
3882.0,3419.4038
3999.0,3419.4038
3692.0,3419.4038
3976.0,3419.4038
