True,Pred
2822.0,4040.0142
2850.0000000000005,4041.0278
2634.0,4046.5466
2734.0,4047.5518
2810.0,4047.676
2925.0,4047.7756
2969.9999999999995,4047.7932
2739.0,4047.7974
2718.0000000000005,4047.7998
3097.9999999999995,4047.8
3416.0,4047.8
3721.0,4047.7998
3608.0,4047.7996
3475.0,4047.7998
3384.0,4047.7998
3668.0,4047.7998
3623.9999999999995,4047.8
3518.0,4047.8
3694.9999999999995,4047.7998
3745.0,4047.7996
4044.0,4047.7998
4332.0,4047.7998
4006.0,4047.7998
4252.0,4047.8
4056.0,4047.8
4129.0,4047.7998
3950.0,4047.7996
3980.0,4047.7998
4000.0,4047.7998
4021.9999999999995,4047.7998
3832.0,4047.8
3820.0,4047.8
4017.0,4047.7998
4008.0,4047.7996
3671.0,4047.7998
4155.0,4047.7998
3922.0,4047.7998
4079.0,4047.8
4063.0,4047.8
4085.0,4047.7998
4061.0,4047.7996
3882.0,4047.7998
3999.0,4047.7998
3692.0,4047.7998
3976.0,4047.8
