True,Pred
2822.0,3671.0667
2850.0000000000005,3653.2446
2634.0,3648.8433
2734.0,3631.5042
2810.0,3629.2266
2925.0,3627.8208
2969.9999999999995,3626.694
2739.0,3626.4214
2718.0000000000005,3626.264
3097.9999999999995,3626.1794
3416.0,3626.1504
3721.0,3626.1357
3608.0,3626.1277
3475.0,3626.1252
3384.0,3626.124
3668.0,3626.1238
3623.9999999999995,3626.1235
3518.0,3626.123
3694.9999999999995,3626.1235
3745.0,3626.1235
4044.0,3626.1235
4332.0,3626.1235
4006.0,3626.1235
4252.0,3626.1235
4056.0,3626.1235
4129.0,3626.1235
3950.0,3626.1235
3980.0,3626.1235
4000.0,3626.1235
4021.9999999999995,3626.1235
3832.0,3626.1235
3820.0,3626.1235
4017.0,3626.1235
4008.0,3626.1235
3671.0,3626.1235
4155.0,3626.1235
3922.0,3626.1235
4079.0,3626.1235
4063.0,3626.1235
4085.0,3626.1235
4061.0,3626.1235
3882.0,3626.1235
3999.0,3626.1235
3692.0,3626.1235
3976.0,3626.1235
