,RMSE,MAE,MAPE,PI Width,CI Coverage,PI Overlap
mean,1722.6403876746558,1550.1413879394534,17.246021528693714,0.0,0.0,0.0
std,296.91675471209527,276.5616775387562,3.062864529551134,0.0,0.0,0.0
