,RMSE,MAE,MAPE,PI Width,CI Coverage,PI Overlap
mean,334.4788432380088,279.24241739908854,6.41119542947698,0.0,0.0,0.0
std,4.980720318329248,3.8743470395348707,0.08431590099459042,0.0,0.0,0.0
