,RMSE,MAE,MAPE,PI Width,CI Coverage,PI Overlap
mean,605.721332816607,527.5600021362304,12.19137280198271,0.0,0.0,0.0
std,337.73096549779956,295.859709139864,6.737871642744492,0.0,0.0,0.0
