,RMSE,MAE,MAPE,PI Width,CI Coverage,PI Overlap
mean,3198.9808023540577,3063.0310713026265,34.15963178229293,0.0,0.0,0.0
std,175.0300853103943,174.49305570491248,1.9766345041949196,0.0,0.0,0.0
