,RMSE,MAE,MAPE,PI Width,CI Coverage,PI Overlap
mean,2868.49448581245,2734.977538723416,30.44834780659679,0.0,0.0,0.0
std,8.094684080828287,8.059746567141502,0.09119281865950421,0.0,0.0,0.0
