,RMSE,MAE,MAPE,PI_Width,CI_Coverage,PI_Overlap
mean,486.18997255100595,427.98933376736113,9.884098789613542,0.0,0.0,0.0
std,181.84833413841994,177.54914961581247,4.065745516731291,0.0,0.0,0.0
