,RMSE,MAE,MAPE,PI_Width,CI_Coverage,PI_Overlap
mean,629.1947863864438,577.1194946289063,13.438247917198254,0.0,0.0,0.0
std,318.5585640487172,328.961724066598,7.719011485063763,0.0,0.0,0.0
