,RMSE,MAE,MAPE,PI Width,CI Coverage,PI Overlap
mean,460.41244503525985,375.7281094868978,8.689657514820057,0.0,0.0,0.0
std,253.71865620581266,217.60090076404185,4.975581566076593,0.0,0.0,0.0
