,RMSE,MAE,MAPE,PI Width,CI Coverage,PI Overlap
mean,1620.5035358857556,1597.9251512315539,37.53966381716189,0.0,0.0,0.0
std,12.075475727649923,14.415050031185292,0.3261493311728033,0.0,0.0,0.0
