,RMSE,MAE,MAPE,PI_Width,CI_Coverage,PI_Overlap
mean,545.0499059098694,487.89283854166666,11.255834427936158,0.0,0.0,0.0
std,210.86456033859525,216.48283535688063,5.0681728820673815,0.0,0.0,0.0
