{
  "num_seeds": 95,
  "trials_per_seed": 10,
  "timestamp": "2025-07-24T22:47:36.320416",
  "metrics": {
    "train_rmse": {
      "mean": 290.70859631873225,
      "std": 13.094500947781619,
      "lower_ci": 288.0754001159909,
      "upper_ci": 293.3417925214736,
      "ci_width": 5.266392405482748
    },
    "train_mae": {
      "mean": 234.40816486102753,
      "std": 10.557917512690228,
      "lower_ci": 232.28505467804783,
      "upper_ci": 236.53127504400723,
      "ci_width": 4.246220365959402
    },
    "train_mape": {
      "mean": 6.1390136903808665,
      "std": 0.27257515858847636,
      "lower_ci": 6.0842010728233875,
      "upper_ci": 6.1938263079383455,
      "ci_width": 0.10962523511495803
    },
    "train_pi_coverage": {
      "mean": 95.39112487100103,
      "std": 0.7510347835406581,
      "lower_ci": 95.2400979668042,
      "upper_ci": 95.54215177519785,
      "ci_width": 0.3020538083936515
    },
    "test_rmse": {
      "mean": 1290.4687719643473,
      "std": 43.387971945366495,
      "lower_ci": 1281.7438084528098,
      "upper_ci": 1299.1937354758848,
      "ci_width": 17.449927023074906
    },
    "test_mae": {
      "mean": 1104.9552054529024,
      "std": 48.24481299990907,
      "lower_ci": 1095.253571240195,
      "upper_ci": 1114.6568396656098,
      "ci_width": 19.403268425414808
    },
    "test_mape": {
      "mean": 17.98254060335692,
      "std": 0.8275936651737965,
      "lower_ci": 17.81611833913786,
      "upper_ci": 18.14896286757598,
      "ci_width": 0.3328445284381232
    },
    "test_pi_coverage": {
      "mean": 61.60526315789474,
      "std": 2.6303505905094737,
      "lower_ci": 61.07632133610034,
      "upper_ci": 62.13420497968914,
      "ci_width": 1.057883643588795
    }
  }
}