{
  "num_seeds": 195,
  "trials_per_seed": 10,
  "timestamp": "2025-07-25T00:37:17.934334",
  "metrics": {
    "train_rmse": {
      "mean": 292.33527472214877,
      "std": 16.55163256174911,
      "lower_ci": 290.0121121497964,
      "upper_ci": 294.65843729450114,
      "ci_width": 4.646325144704747
    },
    "train_mae": {
      "mean": 236.15438900271994,
      "std": 14.990883802486339,
      "lower_ci": 234.05029080899232,
      "upper_ci": 238.25848719644756,
      "ci_width": 4.208196387455246
    },
    "train_mape": {
      "mean": 6.183803967055624,
      "std": 0.38600796062925524,
      "lower_ci": 6.129624462803194,
      "upper_ci": 6.237983471308055,
      "ci_width": 0.10835900850486091
    },
    "train_pi_coverage": {
      "mean": 95.32629462041227,
      "std": 1.103908460750582,
      "lower_ci": 95.17135166782126,
      "upper_ci": 95.48123757300328,
      "ci_width": 0.3098859051820284
    },
    "test_rmse": {
      "mean": 1292.7266944870235,
      "std": 51.200117127633106,
      "lower_ci": 1285.5403220632022,
      "upper_ci": 1299.9130669108447,
      "ci_width": 14.37274484764248
    },
    "test_mae": {
      "mean": 1107.121189449995,
      "std": 55.78945727983511,
      "lower_ci": 1099.2906640561503,
      "upper_ci": 1114.9517148438397,
      "ci_width": 15.661050787689419
    },
    "test_mape": {
      "mean": 18.018647998488152,
      "std": 0.9584021569883873,
      "lower_ci": 17.884128094661705,
      "upper_ci": 18.1531679023146,
      "ci_width": 0.26903980765289504
    },
    "test_pi_coverage": {
      "mean": 61.67948717948718,
      "std": 2.7457256643053047,
      "lower_ci": 61.29410120179198,
      "upper_ci": 62.06487315718238,
      "ci_width": 0.7707719553904013
    }
  }
}