{
  "num_seeds": 135,
  "trials_per_seed": 10,
  "timestamp": "2025-07-24T23:31:11.367229",
  "metrics": {
    "train_rmse": {
      "mean": 290.0414900578909,
      "std": 12.094625565091999,
      "lower_ci": 288.00124838125214,
      "upper_ci": 292.0817317345296,
      "ci_width": 4.0804833532774865
    },
    "train_mae": {
      "mean": 234.03434155599228,
      "std": 9.82829405320211,
      "lower_ci": 232.37640720906396,
      "upper_ci": 235.6922759029206,
      "ci_width": 3.3158686938566575
    },
    "train_mape": {
      "mean": 6.129316368268933,
      "std": 0.25357489384902987,
      "lower_ci": 6.086540834310012,
      "upper_ci": 6.172091902227854,
      "ci_width": 0.08555106791784262
    },
    "train_pi_coverage": {
      "mean": 95.41612200435729,
      "std": 0.7512518367983836,
      "lower_ci": 95.28939337610514,
      "upper_ci": 95.54285063260944,
      "ci_width": 0.25345725650430495
    },
    "test_rmse": {
      "mean": 1288.8358256613392,
      "std": 42.10435277302037,
      "lower_ci": 1281.7332448635216,
      "upper_ci": 1295.9384064591568,
      "ci_width": 14.205161595635218
    },
    "test_mae": {
      "mean": 1102.8062035454643,
      "std": 46.91799241027422,
      "lower_ci": 1094.891610159792,
      "upper_ci": 1110.7207969311366,
      "ci_width": 15.829186771344666
    },
    "test_mape": {
      "mean": 17.943578706761684,
      "std": 0.8043960640362162,
      "lower_ci": 17.807885181936275,
      "upper_ci": 18.079272231587094,
      "ci_width": 0.2713870496508193
    },
    "test_pi_coverage": {
      "mean": 61.72222222222222,
      "std": 2.6570040989605195,
      "lower_ci": 61.274012356730786,
      "upper_ci": 62.17043208771366,
      "ci_width": 0.8964197309828705
    }
  }
}