{
  "num_seeds": 10,
  "trials_per_seed": 10,
  "timestamp": "2025-07-24T21:16:28.984015",
  "metrics": {
    "train_rmse": {
      "mean": 285.9991779188611,
      "std": 6.7674360362537165,
      "lower_ci": 281.8046776072247,
      "upper_ci": 290.19367823049754,
      "ci_width": 8.389000623272864
    },
    "train_mae": {
      "mean": 230.81062298943016,
      "std": 6.205226137853235,
      "lower_ci": 226.96458398299302,
      "upper_ci": 234.6566619958673,
      "ci_width": 7.692078012874276
    },
    "train_mape": {
      "mean": 6.045617093148864,
      "std": 0.15720077474525676,
      "lower_ci": 5.948183043513799,
      "upper_ci": 6.1430511427839285,
      "ci_width": 0.1948680992701295
    },
    "train_pi_coverage": {
      "mean": 95.58823529411764,
      "std": 0.5833127364958268,
      "lower_ci": 95.2266943143572,
      "upper_ci": 95.94977627387807,
      "ci_width": 0.7230819595208686
    },
    "test_rmse": {
      "mean": 1289.8865097782584,
      "std": 24.6175602237867,
      "lower_ci": 1274.6283878725264,
      "upper_ci": 1305.1446316839904,
      "ci_width": 30.516243811463937
    },
    "test_mae": {
      "mean": 1102.8615814208983,
      "std": 32.05294353626,
      "lower_ci": 1082.994961192577,
      "upper_ci": 1122.7282016492197,
      "ci_width": 39.73324045664276
    },
    "test_mape": {
      "mean": 17.935339192910405,
      "std": 0.5544346165542614,
      "lower_ci": 17.591697057327508,
      "upper_ci": 18.278981328493302,
      "ci_width": 0.6872842711657938
    },
    "test_pi_coverage": {
      "mean": 61.5,
      "std": 2.6822461565718485,
      "lower_ci": 59.83752660840007,
      "upper_ci": 63.16247339159993,
      "ci_width": 3.324946783199863
    }
  }
}