{
  "num_seeds": 25,
  "trials_per_seed": 10,
  "timestamp": "2025-07-24T21:32:20.810083",
  "metrics": {
    "train_rmse": {
      "mean": 285.5162726281945,
      "std": 8.02287818276928,
      "lower_ci": 282.3713043805489,
      "upper_ci": 288.66124087584006,
      "ci_width": 6.289936495291158
    },
    "train_mae": {
      "mean": 230.18938778147975,
      "std": 7.163772456804664,
      "lower_ci": 227.38118897841233,
      "upper_ci": 232.99758658454718,
      "ci_width": 5.6163976061348535
    },
    "train_mape": {
      "mean": 6.030241665527711,
      "std": 0.18596971745751859,
      "lower_ci": 5.957341536284364,
      "upper_ci": 6.103141794771059,
      "ci_width": 0.14580025848669464
    },
    "train_pi_coverage": {
      "mean": 95.60784313725492,
      "std": 0.576350527713692,
      "lower_ci": 95.38191373039115,
      "upper_ci": 95.83377254411869,
      "ci_width": 0.4518588137275401
    },
    "test_rmse": {
      "mean": 1292.901115930112,
      "std": 58.49151300772496,
      "lower_ci": 1269.9724428310838,
      "upper_ci": 1315.82978902914,
      "ci_width": 45.85734619805635
    },
    "test_mae": {
      "mean": 1105.239905151367,
      "std": 60.596820713267185,
      "lower_ci": 1081.4859514317664,
      "upper_ci": 1128.9938588709679,
      "ci_width": 47.50790743920152
    },
    "test_mape": {
      "mean": 17.97476762979357,
      "std": 1.0260704172929869,
      "lower_ci": 17.57254802621472,
      "upper_ci": 18.376987233372418,
      "ci_width": 0.8044392071576993
    },
    "test_pi_coverage": {
      "mean": 61.73333333333333,
      "std": 2.696911814155838,
      "lower_ci": 60.676143902184236,
      "upper_ci": 62.79052276448242,
      "ci_width": 2.1143788622981816
    }
  }
}