{
  "num_seeds": 40,
  "trials_per_seed": 10,
  "timestamp": "2025-07-24T21:48:18.359840",
  "metrics": {
    "train_rmse": {
      "mean": 287.99903267245526,
      "std": 10.609447405835303,
      "lower_ci": 284.7111308576712,
      "upper_ci": 291.2869344872393,
      "ci_width": 6.5758036295680995
    },
    "train_mae": {
      "mean": 232.52963168873507,
      "std": 9.730481406187074,
      "lower_ci": 229.5141242593351,
      "upper_ci": 235.54513911813504,
      "ci_width": 6.031014858799949
    },
    "train_mape": {
      "mean": 6.088810188712053,
      "std": 0.24985227918822472,
      "lower_ci": 6.011380165191783,
      "upper_ci": 6.1662402122323225,
      "ci_width": 0.15486004704053968
    },
    "train_pi_coverage": {
      "mean": 95.35784313725489,
      "std": 0.7761678702835095,
      "lower_ci": 95.11730622221457,
      "upper_ci": 95.59838005229521,
      "ci_width": 0.4810738300806463
    },
    "test_rmse": {
      "mean": 1289.5641873526406,
      "std": 51.830008030039345,
      "lower_ci": 1273.501901453706,
      "upper_ci": 1305.6264732515751,
      "ci_width": 32.124571797869066
    },
    "test_mae": {
      "mean": 1102.6938411712647,
      "std": 55.42771356424938,
      "lower_ci": 1085.5166147761379,
      "upper_ci": 1119.8710675663915,
      "ci_width": 34.35445279025362
    },
    "test_mape": {
      "mean": 17.941740638369918,
      "std": 0.9448476739050892,
      "lower_ci": 17.64892931060761,
      "upper_ci": 18.234551966132226,
      "ci_width": 0.5856226555246167
    },
    "test_pi_coverage": {
      "mean": 62.125,
      "std": 2.506588540449172,
      "lower_ci": 61.34820016341975,
      "upper_ci": 62.90179983658025,
      "ci_width": 1.5535996731605053
    }
  }
}