{
  "num_seeds": 65,
  "trials_per_seed": 10,
  "timestamp": "2025-07-24T22:15:07.903359",
  "metrics": {
    "train_rmse": {
      "mean": 288.7396172089314,
      "std": 11.525602274119365,
      "lower_ci": 285.9376501715911,
      "upper_ci": 291.5415842462717,
      "ci_width": 5.603934074680637
    },
    "train_mae": {
      "mean": 233.00559853486166,
      "std": 9.900741849919614,
      "lower_ci": 230.59864819518322,
      "upper_ci": 235.4125488745401,
      "ci_width": 4.813900679356891
    },
    "train_mape": {
      "mean": 6.1034302162364895,
      "std": 0.25645655006508183,
      "lower_ci": 6.041083556799356,
      "upper_ci": 6.165776875673623,
      "ci_width": 0.12469331887426627
    },
    "train_pi_coverage": {
      "mean": 95.42684766214178,
      "std": 0.7528435176640451,
      "lower_ci": 95.24382532017648,
      "upper_ci": 95.60987000410708,
      "ci_width": 0.3660446839305962
    },
    "test_rmse": {
      "mean": 1289.7805032421627,
      "std": 46.86377027491036,
      "lower_ci": 1278.3875420386823,
      "upper_ci": 1301.173464445643,
      "ci_width": 22.785922406960708
    },
    "test_mae": {
      "mean": 1103.9045873553935,
      "std": 50.8823610908616,
      "lower_ci": 1091.534674255166,
      "upper_ci": 1116.274500455621,
      "ci_width": 24.7398262004549
    },
    "test_mape": {
      "mean": 17.963646811849802,
      "std": 0.8715629561582651,
      "lower_ci": 17.751762815157846,
      "upper_ci": 18.175530808541758,
      "ci_width": 0.4237679933839118
    },
    "test_pi_coverage": {
      "mean": 61.717948717948715,
      "std": 2.493054124796536,
      "lower_ci": 61.111867116844806,
      "upper_ci": 62.324030319052625,
      "ci_width": 1.2121632022078188
    }
  }
}