{
  "num_seeds": 70,
  "trials_per_seed": 10,
  "timestamp": "2025-07-24T22:20:30.980731",
  "metrics": {
    "train_rmse": {
      "mean": 288.71960985692596,
      "std": 11.2278169780465,
      "lower_ci": 286.08932747470976,
      "upper_ci": 291.34989223914215,
      "ci_width": 5.260564764432388
    },
    "train_mae": {
      "mean": 233.03657763740262,
      "std": 9.656096347440585,
      "lower_ci": 230.77449408604835,
      "upper_ci": 235.29866118875688,
      "ci_width": 4.524167102708532
    },
    "train_mape": {
      "mean": 6.103479897278606,
      "std": 0.24978192508997474,
      "lower_ci": 6.044964782698023,
      "upper_ci": 6.161995011859189,
      "ci_width": 0.11703022916116623
    },
    "train_pi_coverage": {
      "mean": 95.42577030812323,
      "std": 0.7289428242980748,
      "lower_ci": 95.2550046577619,
      "upper_ci": 95.59653595848457,
      "ci_width": 0.34153130072266435
    },
    "test_rmse": {
      "mean": 1288.8207591836822,
      "std": 45.99238120075665,
      "lower_ci": 1278.046362858461,
      "upper_ci": 1299.5951555089034,
      "ci_width": 21.548792650442465
    },
    "test_mae": {
      "mean": 1102.57604935419,
      "std": 50.36010469922116,
      "lower_ci": 1090.7784491246955,
      "upper_ci": 1114.3736495836845,
      "ci_width": 23.595200458988984
    },
    "test_mape": {
      "mean": 17.940994088642714,
      "std": 0.8629483020962098,
      "lower_ci": 17.738835670830497,
      "upper_ci": 18.143152506454932,
      "ci_width": 0.4043168356244351
    },
    "test_pi_coverage": {
      "mean": 61.85714285714287,
      "std": 2.543944836036777,
      "lower_ci": 61.261186110017334,
      "upper_ci": 62.4530996042684,
      "ci_width": 1.191913494251068
    }
  }
}