{
  "num_seeds": 150,
  "trials_per_seed": 10,
  "timestamp": "2025-07-24T23:47:38.838623",
  "metrics": {
    "train_rmse": {
      "mean": 290.49258080010173,
      "std": 12.620104307945928,
      "lower_ci": 288.4729434844975,
      "upper_ci": 292.512218115706,
      "ci_width": 4.039274631208514
    },
    "train_mae": {
      "mean": 234.4129843717089,
      "std": 10.294677737703697,
      "lower_ci": 232.76549281348966,
      "upper_ci": 236.06047592992812,
      "ci_width": 3.294983116438459
    },
    "train_mape": {
      "mean": 6.138915851205975,
      "std": 0.26537982617249967,
      "lower_ci": 6.096446233945435,
      "upper_ci": 6.181385468466515,
      "ci_width": 0.08493923452108021
    },
    "train_pi_coverage": {
      "mean": 95.42614379084966,
      "std": 0.7376638646929224,
      "lower_ci": 95.3080929862641,
      "upper_ci": 95.54419459543523,
      "ci_width": 0.2361016091711292
    },
    "test_rmse": {
      "mean": 1290.9066271877753,
      "std": 50.171586362493976,
      "lower_ci": 1282.8775011577347,
      "upper_ci": 1298.9357532178158,
      "ci_width": 16.05825206008103
    },
    "test_mae": {
      "mean": 1105.0357528008353,
      "std": 54.36958915540815,
      "lower_ci": 1096.3348064050756,
      "upper_ci": 1113.736699196595,
      "ci_width": 17.401892791519458
    },
    "test_mape": {
      "mean": 17.98149704264191,
      "std": 0.9320197220136442,
      "lower_ci": 17.832342823031166,
      "upper_ci": 18.130651262252652,
      "ci_width": 0.2983084392214863
    },
    "test_pi_coverage": {
      "mean": 61.65555555555556,
      "std": 2.664906826713033,
      "lower_ci": 61.22908164230514,
      "upper_ci": 62.08202946880598,
      "ci_width": 0.8529478265008379
    }
  }
}