{
  "num_seeds": 45,
  "trials_per_seed": 10,
  "timestamp": "2025-07-24T21:53:39.377980",
  "metrics": {
    "train_rmse": {
      "mean": 287.9948687152933,
      "std": 10.26065490586716,
      "lower_ci": 284.99691519183705,
      "upper_ci": 290.99282223874957,
      "ci_width": 5.995907046912521
    },
    "train_mae": {
      "mean": 232.51177015782443,
      "std": 9.410860005115731,
      "lower_ci": 229.7621093252632,
      "upper_ci": 235.26143099038566,
      "ci_width": 5.499321665122466
    },
    "train_mape": {
      "mean": 6.0894771850845535,
      "std": 0.24296236478016403,
      "lower_ci": 6.01848855090454,
      "upper_ci": 6.160465819264567,
      "ci_width": 0.14197726836002644
    },
    "train_pi_coverage": {
      "mean": 95.36819172113289,
      "std": 0.7478322597969479,
      "lower_ci": 95.14969042869292,
      "upper_ci": 95.58669301357286,
      "ci_width": 0.4370025848799344
    },
    "test_rmse": {
      "mean": 1292.1901979673714,
      "std": 50.233953251041584,
      "lower_ci": 1277.5128641589824,
      "upper_ci": 1306.8675317757604,
      "ci_width": 29.354667616777988
    },
    "test_mae": {
      "mean": 1106.0452656837745,
      "std": 54.259686331354615,
      "lower_ci": 1090.1916949993438,
      "upper_ci": 1121.8988363682051,
      "ci_width": 31.707141368861357
    },
    "test_mape": {
      "mean": 17.99985324214532,
      "std": 0.9265529562291972,
      "lower_ci": 17.72913341721409,
      "upper_ci": 18.27057306707655,
      "ci_width": 0.5414396498624612
    },
    "test_pi_coverage": {
      "mean": 61.925925925925924,
      "std": 2.5081485856795567,
      "lower_ci": 61.19309620318666,
      "upper_ci": 62.658755648665185,
      "ci_width": 1.4656594454785221
    }
  }
}