{
  "num_seeds": 100,
  "trials_per_seed": 10,
  "timestamp": "2025-07-24T22:53:01.923035",
  "metrics": {
    "train_rmse": {
      "mean": 290.94509569205684,
      "std": 13.109091841811871,
      "lower_ci": 288.3757136910617,
      "upper_ci": 293.51447769305196,
      "ci_width": 5.138764001990239
    },
    "train_mae": {
      "mean": 234.6012069233913,
      "std": 10.543373444113183,
      "lower_ci": 232.5347057283451,
      "upper_ci": 236.66770811843747,
      "ci_width": 4.133002390092372
    },
    "train_mape": {
      "mean": 6.143708233614226,
      "std": 0.2717473175479128,
      "lower_ci": 6.090445759374835,
      "upper_ci": 6.196970707853617,
      "ci_width": 0.10652494847878202
    },
    "train_pi_coverage": {
      "mean": 95.36862745098038,
      "std": 0.7856752887559746,
      "lower_ci": 95.2146350943842,
      "upper_ci": 95.52261980757656,
      "ci_width": 0.3079847131923543
    },
    "test_rmse": {
      "mean": 1291.60322187614,
      "std": 44.132790877897115,
      "lower_ci": 1282.9531948640722,
      "upper_ci": 1300.2532488882077,
      "ci_width": 17.300054024135534
    },
    "test_mae": {
      "mean": 1106.1382105814619,
      "std": 48.83991040359624,
      "lower_ci": 1096.565588142357,
      "upper_ci": 1115.7108330205667,
      "ci_width": 19.145244878209724
    },
    "test_mape": {
      "mean": 18.00241496695281,
      "std": 0.8376243257826868,
      "lower_ci": 17.838240599099404,
      "upper_ci": 18.166589334806215,
      "ci_width": 0.3283487357068111
    },
    "test_pi_coverage": {
      "mean": 61.50833333333333,
      "std": 2.6606572913891444,
      "lower_ci": 60.98684450422106,
      "upper_ci": 62.029822162445605,
      "ci_width": 1.0429776582245438
    }
  }
}