{
  "num_seeds": 90,
  "trials_per_seed": 10,
  "timestamp": "2025-07-24T22:42:09.716164",
  "metrics": {
    "train_rmse": {
      "mean": 290.6146528187629,
      "std": 12.710312740871794,
      "lower_ci": 287.98867500052773,
      "upper_ci": 293.2406306369981,
      "ci_width": 5.25195563647037
    },
    "train_mae": {
      "mean": 234.36139093918476,
      "std": 10.393908218858721,
      "lower_ci": 232.21398725337872,
      "upper_ci": 236.5087946249908,
      "ci_width": 4.29480737161208
    },
    "train_mape": {
      "mean": 6.137760771407161,
      "std": 0.26875463732181465,
      "lower_ci": 6.082235488076758,
      "upper_ci": 6.193286054737564,
      "ci_width": 0.11105056666080593
    },
    "train_pi_coverage": {
      "mean": 95.41176470588235,
      "std": 0.75308186775603,
      "lower_ci": 95.25617638005907,
      "upper_ci": 95.56735303170562,
      "ci_width": 0.31117665164654795
    },
    "test_rmse": {
      "mean": 1290.7167931496513,
      "std": 44.18796650998989,
      "lower_ci": 1281.587464685921,
      "upper_ci": 1299.8461216133815,
      "ci_width": 18.25865692746038
    },
    "test_mae": {
      "mean": 1105.1934122608325,
      "std": 49.026300129988556,
      "lower_ci": 1095.06447371493,
      "upper_ci": 1115.322350806735,
      "ci_width": 20.257877091804858
    },
    "test_mape": {
      "mean": 17.98659385883341,
      "std": 0.8408394715661635,
      "lower_ci": 17.81287462422094,
      "upper_ci": 18.16031309344588,
      "ci_width": 0.34743846922494015
    },
    "test_pi_coverage": {
      "mean": 61.60185185185185,
      "std": 2.665010416726734,
      "lower_ci": 61.051254995396356,
      "upper_ci": 62.15244870830734,
      "ci_width": 1.101193712910984
    }
  }
}