{
  "num_seeds": 75,
  "trials_per_seed": 10,
  "timestamp": "2025-07-24T22:25:54.729561",
  "metrics": {
    "train_rmse": {
      "mean": 289.67844582724683,
      "std": 12.230896946967265,
      "lower_ci": 286.9103332625001,
      "upper_ci": 292.44655839199356,
      "ci_width": 5.5362251294934595
    },
    "train_mae": {
      "mean": 233.92084025543815,
      "std": 10.667596430516296,
      "lower_ci": 231.50653590449832,
      "upper_ci": 236.33514460637798,
      "ci_width": 4.828608701879659
    },
    "train_mape": {
      "mean": 6.125893652159415,
      "std": 0.27522498886290575,
      "lower_ci": 6.063604373367593,
      "upper_ci": 6.188182930951237,
      "ci_width": 0.12457855758364467
    },
    "train_pi_coverage": {
      "mean": 95.39084967320261,
      "std": 0.7626910499414088,
      "lower_ci": 95.21823643906967,
      "upper_ci": 95.56346290733555,
      "ci_width": 0.3452264682658779
    },
    "test_rmse": {
      "mean": 1290.9470338188462,
      "std": 46.95241644966542,
      "lower_ci": 1280.3207016305296,
      "upper_ci": 1301.5733660071628,
      "ci_width": 21.25266437663322
    },
    "test_mae": {
      "mean": 1105.006675116645,
      "std": 51.679448040871385,
      "lower_ci": 1093.3105149673615,
      "upper_ci": 1116.7028352659286,
      "ci_width": 23.39232029856703
    },
    "test_mape": {
      "mean": 17.982888801773374,
      "std": 0.8855974277109278,
      "lower_ci": 17.782459235766616,
      "upper_ci": 18.18331836778013,
      "ci_width": 0.4008591320135153
    },
    "test_pi_coverage": {
      "mean": 61.711111111111116,
      "std": 2.662821301542898,
      "lower_ci": 61.10845791777325,
      "upper_ci": 62.31376430444898,
      "ci_width": 1.2053063866757299
    }
  }
}