{
  "num_seeds": 85,
  "trials_per_seed": 10,
  "timestamp": "2025-07-24T22:36:43.911871",
  "metrics": {
    "train_rmse": {
      "mean": 290.4749420891606,
      "std": 12.91605392016432,
      "lower_ci": 287.72909430885113,
      "upper_ci": 293.2207898694701,
      "ci_width": 5.49169556061895
    },
    "train_mae": {
      "mean": 234.27031182681813,
      "std": 10.554354409937682,
      "lower_ci": 232.02654211137255,
      "upper_ci": 236.5140815422637,
      "ci_width": 4.487539430891161
    },
    "train_mape": {
      "mean": 6.135456838627047,
      "std": 0.27284193952831987,
      "lower_ci": 6.077452866310119,
      "upper_ci": 6.193460810943976,
      "ci_width": 0.11600794463385711
    },
    "train_pi_coverage": {
      "mean": 95.40945790080737,
      "std": 0.758689918256292,
      "lower_ci": 95.24816660852383,
      "upper_ci": 95.5707491930909,
      "ci_width": 0.32258258456707267
    },
    "test_rmse": {
      "mean": 1289.9587798927435,
      "std": 45.0766822934153,
      "lower_ci": 1280.375844672424,
      "upper_ci": 1299.541715113063,
      "ci_width": 19.165870440639083
    },
    "test_mae": {
      "mean": 1104.100756919711,
      "std": 49.93788924758498,
      "lower_ci": 1093.4843687262746,
      "upper_ci": 1114.7171451131476,
      "ci_width": 21.232776386872956
    },
    "test_mape": {
      "mean": 17.96734811165867,
      "std": 0.8564231964622904,
      "lower_ci": 17.78527952108549,
      "upper_ci": 18.14941670223185,
      "ci_width": 0.3641371811463614
    },
    "test_pi_coverage": {
      "mean": 61.73529411764706,
      "std": 2.6544196856833273,
      "lower_ci": 61.17098612954209,
      "upper_ci": 62.29960210575203,
      "ci_width": 1.128615976209943
    }
  }
}