{
  "num_seeds": 50,
  "trials_per_seed": 10,
  "timestamp": "2025-07-24T21:59:00.482406",
  "metrics": {
    "train_rmse": {
      "mean": 288.2473759569229,
      "std": 10.083639283133428,
      "lower_ci": 285.452333748195,
      "upper_ci": 291.0424181656508,
      "ci_width": 5.5900844174558415
    },
    "train_mae": {
      "mean": 232.65295583926928,
      "std": 9.125294058065048,
      "lower_ci": 230.12355337422787,
      "upper_ci": 235.1823583043107,
      "ci_width": 5.058804930082829
    },
    "train_mape": {
      "mean": 6.093229125985779,
      "std": 0.23592382069682716,
      "lower_ci": 6.027834379270178,
      "upper_ci": 6.15862387270138,
      "ci_width": 0.13078949343120172
    },
    "train_pi_coverage": {
      "mean": 95.37647058823529,
      "std": 0.7368897719114526,
      "lower_ci": 95.17221516439069,
      "upper_ci": 95.5807260120799,
      "ci_width": 0.4085108476892003
    },
    "test_rmse": {
      "mean": 1291.128352747423,
      "std": 48.58781014334214,
      "lower_ci": 1277.6604988935612,
      "upper_ci": 1304.5962066012846,
      "ci_width": 26.935707707723395
    },
    "test_mae": {
      "mean": 1105.2647838745117,
      "std": 52.45013049995061,
      "lower_ci": 1090.726349437863,
      "upper_ci": 1119.8032183111604,
      "ci_width": 29.07686887329737
    },
    "test_mape": {
      "mean": 17.986969125176017,
      "std": 0.8950707092586855,
      "lower_ci": 17.738868182457974,
      "upper_ci": 18.23507006789406,
      "ci_width": 0.49620188543608634
    },
    "test_pi_coverage": {
      "mean": 61.86666666666667,
      "std": 2.514181996417743,
      "lower_ci": 61.16977097225545,
      "upper_ci": 62.563562361077885,
      "ci_width": 1.3937913888224358
    }
  }
}