{
  "num_seeds": 190,
  "trials_per_seed": 10,
  "timestamp": "2025-07-25T00:31:44.376835",
  "metrics": {
    "train_rmse": {
      "mean": 292.11377345540285,
      "std": 16.588707334545578,
      "lower_ci": 289.7549696699201,
      "upper_ci": 294.4725772408856,
      "ci_width": 4.71760757096547
    },
    "train_mae": {
      "mean": 235.9523744451249,
      "std": 15.001592408349243,
      "lower_ci": 233.81924783993165,
      "upper_ci": 238.08550105031813,
      "ci_width": 4.2662532103864805
    },
    "train_mape": {
      "mean": 6.178534456106667,
      "std": 0.38636122852990956,
      "lower_ci": 6.123596460635359,
      "upper_ci": 6.233472451577975,
      "ci_width": 0.10987599094261569
    },
    "train_pi_coverage": {
      "mean": 95.34778121775024,
      "std": 1.0782689080225678,
      "lower_ci": 95.19445855488576,
      "upper_ci": 95.50110388061472,
      "ci_width": 0.3066453257289652
    },
    "test_rmse": {
      "mean": 1292.9133368912926,
      "std": 51.66120903144569,
      "lower_ci": 1285.567456771253,
      "upper_ci": 1300.259217011332,
      "ci_width": 14.69176024007902
    },
    "test_mae": {
      "mean": 1107.3375194937723,
      "std": 56.199436711116114,
      "lower_ci": 1099.3463335994911,
      "upper_ci": 1115.3287053880535,
      "ci_width": 15.982371788562432
    },
    "test_mape": {
      "mean": 18.022194865916966,
      "std": 0.965250016359013,
      "lower_ci": 17.88494273730876,
      "upper_ci": 18.159446994525172,
      "ci_width": 0.2745042572164138
    },
    "test_pi_coverage": {
      "mean": 61.640350877192986,
      "std": 2.7210803441755065,
      "lower_ci": 61.25343136098225,
      "upper_ci": 62.027270393403725,
      "ci_width": 0.7738390324214777
    }
  }
}