{
  "num_seeds": 175,
  "trials_per_seed": 10,
  "timestamp": "2025-07-25T00:15:11.447018",
  "metrics": {
    "train_rmse": {
      "mean": 291.26779689794853,
      "std": 13.879003155705208,
      "lower_ci": 289.21145501340186,
      "upper_ci": 293.3241387824952,
      "ci_width": 4.112683769093337
    },
    "train_mae": {
      "mean": 235.17269058005286,
      "std": 11.993758997460077,
      "lower_ci": 233.39567037889398,
      "upper_ci": 236.94971078121173,
      "ci_width": 3.554040402317753
    },
    "train_mape": {
      "mean": 6.158287298015112,
      "std": 0.30896971856651045,
      "lower_ci": 6.112509703888422,
      "upper_ci": 6.204064892141801,
      "ci_width": 0.09155518825337872
    },
    "train_pi_coverage": {
      "mean": 95.39943977591037,
      "std": 0.8614082552552583,
      "lower_ci": 95.27181174275097,
      "upper_ci": 95.52706780906976,
      "ci_width": 0.2552560663187933
    },
    "test_rmse": {
      "mean": 1290.3200647793942,
      "std": 49.36810127856447,
      "lower_ci": 1283.0055845331724,
      "upper_ci": 1297.634545025616,
      "ci_width": 14.628960492443639
    },
    "test_mae": {
      "mean": 1104.449429635184,
      "std": 53.85928736927217,
      "lower_ci": 1096.4695259456496,
      "upper_ci": 1112.4293333247185,
      "ci_width": 15.959807379068934
    },
    "test_mape": {
      "mean": 17.972280877762508,
      "std": 0.9232680965579686,
      "lower_ci": 17.835487562254297,
      "upper_ci": 18.109074193270718,
      "ci_width": 0.2735866310164212
    },
    "test_pi_coverage": {
      "mean": 61.74285714285714,
      "std": 2.6981307042195257,
      "lower_ci": 61.343096503362844,
      "upper_ci": 62.14261778235144,
      "ci_width": 0.7995212789885926
    }
  }
}