{
  "num_seeds": 5,
  "trials_per_seed": 10,
  "timestamp": "2025-07-24T21:11:12.575794",
  "metrics": {
    "train_rmse": {
      "mean": 287.65738752053505,
      "std": 7.372542982695879,
      "lower_ci": 281.195068668207,
      "upper_ci": 294.1197063728631,
      "ci_width": 12.924637704656107
    },
    "train_mae": {
      "mean": 232.703802466299,
      "std": 6.12444758392012,
      "lower_ci": 227.33548746636535,
      "upper_ci": 238.07211746623267,
      "ci_width": 10.736629999867318
    },
    "train_mape": {
      "mean": 6.100474307597802,
      "std": 0.1522924890828808,
      "lower_ci": 5.966984055241431,
      "upper_ci": 6.233964559954172,
      "ci_width": 0.26698050471274115
    },
    "train_pi_coverage": {
      "mean": 95.84313725490196,
      "std": 0.5462113049876142,
      "lower_ci": 95.36436193655373,
      "upper_ci": 96.32191257325019,
      "ci_width": 0.9575506366964532
    },
    "test_rmse": {
      "mean": 1294.3192306317228,
      "std": 21.124273925898038,
      "lower_ci": 1275.8029881420582,
      "upper_ci": 1312.8354731213874,
      "ci_width": 37.03248497932918
    },
    "test_mae": {
      "mean": 1110.4233764648438,
      "std": 24.73806050962951,
      "lower_ci": 1088.7395103718782,
      "upper_ci": 1132.1072425578095,
      "ci_width": 43.367732185931345
    },
    "test_mape": {
      "mean": 18.06718666391037,
      "std": 0.4246081067217988,
      "lower_ci": 17.69500124846282,
      "upper_ci": 18.43937207935792,
      "ci_width": 0.7443708308951003
    },
    "test_pi_coverage": {
      "mean": 59.833333333333336,
      "std": 1.3333333333333321,
      "lower_ci": 58.66461513709345,
      "upper_ci": 61.00205152957322,
      "ci_width": 2.3374363924797734
    }
  }
}