{
  "num_seeds": 140,
  "trials_per_seed": 10,
  "timestamp": "2025-07-24T23:36:39.716196",
  "metrics": {
    "train_rmse": {
      "mean": 290.15329651846935,
      "std": 11.968540617376751,
      "lower_ci": 288.17070496543863,
      "upper_ci": 292.13588807150006,
      "ci_width": 3.9651831060614313
    },
    "train_mae": {
      "mean": 234.1047916511728,
      "std": 9.728031053945248,
      "lower_ci": 232.4933410314397,
      "upper_ci": 235.7162422709059,
      "ci_width": 3.2229012394661822
    },
    "train_mape": {
      "mean": 6.130925010926305,
      "std": 0.25095600295025666,
      "lower_ci": 6.089354090332263,
      "upper_ci": 6.172495931520347,
      "ci_width": 0.08314184118808399
    },
    "train_pi_coverage": {
      "mean": 95.4047619047619,
      "std": 0.7408142795792582,
      "lower_ci": 95.2820458460533,
      "upper_ci": 95.5274779634705,
      "ci_width": 0.24543211741720938
    },
    "test_rmse": {
      "mean": 1289.1994167370929,
      "std": 42.18250353970021,
      "lower_ci": 1282.2118751581238,
      "upper_ci": 1296.186958316062,
      "ci_width": 13.975083157938116
    },
    "test_mae": {
      "mean": 1103.3431831505186,
      "std": 47.11092579237426,
      "lower_ci": 1095.539247272504,
      "upper_ci": 1111.147119028533,
      "ci_width": 15.607871756028999
    },
    "test_mape": {
      "mean": 17.95302650866732,
      "std": 0.8076414123356729,
      "lower_ci": 17.819240519784955,
      "upper_ci": 18.086812497549687,
      "ci_width": 0.26757197776473163
    },
    "test_pi_coverage": {
      "mean": 61.708333333333314,
      "std": 2.678776447180364,
      "lower_ci": 61.26459338822031,
      "upper_ci": 62.152073278446316,
      "ci_width": 0.8874798902260039
    }
  }
}