{
  "num_seeds": 130,
  "trials_per_seed": 10,
  "timestamp": "2025-07-24T23:25:43.865497",
  "metrics": {
    "train_rmse": {
      "mean": 290.2403789178862,
      "std": 12.239250130415787,
      "lower_ci": 288.13641055235775,
      "upper_ci": 292.3443472834146,
      "ci_width": 4.207936731056861
    },
    "train_mae": {
      "mean": 234.18036393696366,
      "std": 9.941232683124747,
      "lower_ci": 232.47143251904345,
      "upper_ci": 235.88929535488387,
      "ci_width": 3.417862835840424
    },
    "train_mape": {
      "mean": 6.133155802789815,
      "std": 0.256499162107272,
      "lower_ci": 6.089062731963759,
      "upper_ci": 6.177248873615872,
      "ci_width": 0.08818614165211258
    },
    "train_pi_coverage": {
      "mean": 95.41025641025641,
      "std": 0.7639498733634358,
      "lower_ci": 95.27893085115115,
      "upper_ci": 95.54158196936167,
      "ci_width": 0.26265111821052756
    },
    "test_rmse": {
      "mean": 1290.0699499289462,
      "std": 41.90940587631899,
      "lower_ci": 1282.8655817493354,
      "upper_ci": 1297.274318108557,
      "ci_width": 14.40873635922162
    },
    "test_mae": {
      "mean": 1104.297844199156,
      "std": 46.549594496898365,
      "lower_ci": 1096.295811949953,
      "upper_ci": 1112.299876448359,
      "ci_width": 16.004064498406024
    },
    "test_mape": {
      "mean": 17.969529800126942,
      "std": 0.7978466648833935,
      "lower_ci": 17.832377268266725,
      "upper_ci": 18.10668233198716,
      "ci_width": 0.2743050637204334
    },
    "test_pi_coverage": {
      "mean": 61.62179487179486,
      "std": 2.607335842817081,
      "lower_ci": 61.17358504904087,
      "upper_ci": 62.07000469454886,
      "ci_width": 0.89641964550799
    }
  }
}