{
  "num_seeds": 60,
  "trials_per_seed": 10,
  "timestamp": "2025-07-24T22:09:44.923353",
  "metrics": {
    "train_rmse": {
      "mean": 289.12217050729913,
      "std": 11.62755661251488,
      "lower_ci": 286.179992743632,
      "upper_ci": 292.06434827096626,
      "ci_width": 5.8843555273342645
    },
    "train_mae": {
      "mean": 233.32456747616035,
      "std": 9.981053262093148,
      "lower_ci": 230.79901254279622,
      "upper_ci": 235.8501224095245,
      "ci_width": 5.051109866728268
    },
    "train_mape": {
      "mean": 6.111437853079713,
      "std": 0.258538950945165,
      "lower_ci": 6.046018472391085,
      "upper_ci": 6.176857233768342,
      "ci_width": 0.13083876137725703
    },
    "train_pi_coverage": {
      "mean": 95.3921568627451,
      "std": 0.7572960932193771,
      "lower_ci": 95.20053451247557,
      "upper_ci": 95.58377921301462,
      "ci_width": 0.383244700539052
    },
    "test_rmse": {
      "mean": 1291.9233787554476,
      "std": 47.8341462614823,
      "lower_ci": 1279.8196697678638,
      "upper_ci": 1304.0270877430314,
      "ci_width": 24.207417975167573
    },
    "test_mae": {
      "mean": 1106.2683358595104,
      "std": 51.736234601284345,
      "lower_ci": 1093.1772622924352,
      "upper_ci": 1119.3594094265857,
      "ci_width": 26.182147134150455
    },
    "test_mape": {
      "mean": 18.00433656599887,
      "std": 0.885838514785659,
      "lower_ci": 17.780188495406197,
      "upper_ci": 18.228484636591542,
      "ci_width": 0.4482961411853452
    },
    "test_pi_coverage": {
      "mean": 61.69444444444444,
      "std": 2.4998456742490576,
      "lower_ci": 61.0618962143667,
      "upper_ci": 62.32699267452219,
      "ci_width": 1.2650964601554904
    }
  }
}