{
  "num_seeds": 120,
  "trials_per_seed": 10,
  "timestamp": "2025-07-24T23:14:48.923647",
  "metrics": {
    "train_rmse": {
      "mean": 290.4842747476659,
      "std": 12.633227555049594,
      "lower_ci": 288.22390353704037,
      "upper_ci": 292.7446459582914,
      "ci_width": 4.520742421251043
    },
    "train_mae": {
      "mean": 234.3500706909529,
      "std": 10.25559072894517,
      "lower_ci": 232.51511268591008,
      "upper_ci": 236.1850286959957,
      "ci_width": 3.6699160100856147
    },
    "train_mape": {
      "mean": 6.13759726068108,
      "std": 0.2645167658074534,
      "lower_ci": 6.090269206187203,
      "upper_ci": 6.184925315174957,
      "ci_width": 0.09465610898775445
    },
    "train_pi_coverage": {
      "mean": 95.39869281045752,
      "std": 0.7681893731806133,
      "lower_ci": 95.26124629206944,
      "upper_ci": 95.5361393288456,
      "ci_width": 0.27489303677614885
    },
    "test_rmse": {
      "mean": 1290.3304476120502,
      "std": 42.6659742688168,
      "lower_ci": 1282.6965362073613,
      "upper_ci": 1297.964359016739,
      "ci_width": 15.267822809377776
    },
    "test_mae": {
      "mean": 1104.522007064819,
      "std": 47.149339948518886,
      "lower_ci": 1096.085919758133,
      "upper_ci": 1112.958094371505,
      "ci_width": 16.872174613371953
    },
    "test_mape": {
      "mean": 17.973544746684276,
      "std": 0.8077867004451948,
      "lower_ci": 17.82901336750535,
      "upper_ci": 18.1180761258632,
      "ci_width": 0.28906275835785067
    },
    "test_pi_coverage": {
      "mean": 61.604166666666664,
      "std": 2.600219230429676,
      "lower_ci": 61.13892841585808,
      "upper_ci": 62.06940491747525,
      "ci_width": 0.9304765016171643
    }
  }
}