{
  "num_seeds": 170,
  "trials_per_seed": 10,
  "timestamp": "2025-07-25T00:09:41.292614",
  "metrics": {
    "train_rmse": {
      "mean": 290.7226562562754,
      "std": 12.839822827832542,
      "lower_ci": 288.79250812017307,
      "upper_ci": 292.65280439237773,
      "ci_width": 3.860296272204664
    },
    "train_mae": {
      "mean": 234.60625998236316,
      "std": 10.646804931317186,
      "lower_ci": 233.00577756378323,
      "upper_ci": 236.20674240094309,
      "ci_width": 3.2009648371598587
    },
    "train_mape": {
      "mean": 6.143673995421216,
      "std": 0.27471501928637543,
      "lower_ci": 6.102377422287393,
      "upper_ci": 6.184970568555039,
      "ci_width": 0.08259314626764613
    },
    "train_pi_coverage": {
      "mean": 95.42560553633217,
      "std": 0.7192683328932595,
      "lower_ci": 95.31748142506468,
      "upper_ci": 95.53372964759966,
      "ci_width": 0.216248222534972
    },
    "test_rmse": {
      "mean": 1290.305839686772,
      "std": 49.16405944384538,
      "lower_ci": 1282.9152456753761,
      "upper_ci": 1297.696433698168,
      "ci_width": 14.781188022791866
    },
    "test_mae": {
      "mean": 1104.4205149751551,
      "std": 53.60932711814032,
      "lower_ci": 1096.3616854880004,
      "upper_ci": 1112.4793444623099,
      "ci_width": 16.117658974309506
    },
    "test_mape": {
      "mean": 17.971364481030815,
      "std": 0.9185153585223969,
      "lower_ci": 17.83328853317658,
      "upper_ci": 18.109440428885048,
      "ci_width": 0.2761518957084661
    },
    "test_pi_coverage": {
      "mean": 61.73039215686274,
      "std": 2.6691210230627376,
      "lower_ci": 61.32915617122836,
      "upper_ci": 62.13162814249712,
      "ci_width": 0.8024719712687585
    }
  }
}