{
  "num_seeds": 105,
  "trials_per_seed": 10,
  "timestamp": "2025-07-24T22:58:28.894207",
  "metrics": {
    "train_rmse": {
      "mean": 291.2001306048992,
      "std": 13.04444042351887,
      "lower_ci": 288.70503681416574,
      "upper_ci": 293.69522439563264,
      "ci_width": 4.990187581466898
    },
    "train_mae": {
      "mean": 234.86122807279241,
      "std": 10.529095985101355,
      "lower_ci": 232.84726034696368,
      "upper_ci": 236.87519579862115,
      "ci_width": 4.02793545165747
    },
    "train_mape": {
      "mean": 6.1503341141640675,
      "std": 0.2712701617149265,
      "lower_ci": 6.098446530325221,
      "upper_ci": 6.202221698002914,
      "ci_width": 0.10377516767769279
    },
    "train_pi_coverage": {
      "mean": 95.3669467787115,
      "std": 0.7923293222043508,
      "lower_ci": 95.21539286701714,
      "upper_ci": 95.51850069040584,
      "ci_width": 0.3031078233887001
    },
    "test_rmse": {
      "mean": 1291.940761685949,
      "std": 43.64389836989358,
      "lower_ci": 1283.592713299773,
      "upper_ci": 1300.2888100721248,
      "ci_width": 16.696096772351666
    },
    "test_mae": {
      "mean": 1106.520216868567,
      "std": 48.097472402787155,
      "lower_ci": 1097.3203048105693,
      "upper_ci": 1115.720128926565,
      "ci_width": 18.39982411599567
    },
    "test_mape": {
      "mean": 18.00866217190229,
      "std": 0.824296185656733,
      "lower_ci": 17.850993753190423,
      "upper_ci": 18.16633059061416,
      "ci_width": 0.31533683742373597
    },
    "test_pi_coverage": {
      "mean": 61.444444444444436,
      "std": 2.630877563637291,
      "lower_ci": 60.94121961761507,
      "upper_ci": 61.9476692712738,
      "ci_width": 1.0064496536587342
    }
  }
}