{
  "num_seeds": 145,
  "trials_per_seed": 10,
  "timestamp": "2025-07-24T23:42:08.604820",
  "metrics": {
    "train_rmse": {
      "mean": 290.37159223993183,
      "std": 12.437832784387478,
      "lower_ci": 288.34709688776854,
      "upper_ci": 292.3960875920951,
      "ci_width": 4.04899070432657
    },
    "train_mae": {
      "mean": 234.3372999960672,
      "std": 10.167886872504985,
      "lower_ci": 232.68228178899278,
      "upper_ci": 235.99231820314162,
      "ci_width": 3.31003641414884
    },
    "train_mape": {
      "mean": 6.137089725908391,
      "std": 0.2623656312340974,
      "lower_ci": 6.094384697612179,
      "upper_ci": 6.179794754204602,
      "ci_width": 0.08541005659242273
    },
    "train_pi_coverage": {
      "mean": 95.41176470588235,
      "std": 0.7406364410610822,
      "lower_ci": 95.29121194893798,
      "upper_ci": 95.53231746282671,
      "ci_width": 0.24110551388872636
    },
    "test_rmse": {
      "mean": 1290.4552077758335,
      "std": 50.708663777223855,
      "lower_ci": 1282.2014021562354,
      "upper_ci": 1298.7090133954316,
      "ci_width": 16.507611239196194
    },
    "test_mae": {
      "mean": 1104.4772244227618,
      "std": 54.86603207694915,
      "lower_ci": 1095.54672753822,
      "upper_ci": 1113.4077213073035,
      "ci_width": 17.860993769083507
    },
    "test_mape": {
      "mean": 17.972143546601526,
      "std": 0.9401869693265031,
      "lower_ci": 17.819110121682417,
      "upper_ci": 18.125176971520634,
      "ci_width": 0.3060668498382171
    },
    "test_pi_coverage": {
      "mean": 61.71264367816092,
      "std": 2.6565528580463313,
      "lower_ci": 61.28023885272849,
      "upper_ci": 62.14504850359336,
      "ci_width": 0.8648096508648706
    }
  }
}