{
  "num_seeds": 110,
  "trials_per_seed": 10,
  "timestamp": "2025-07-24T23:03:55.747872",
  "metrics": {
    "train_rmse": {
      "mean": 290.9935874528702,
      "std": 12.890077435549511,
      "lower_ci": 288.5847069578443,
      "upper_ci": 293.4024679478961,
      "ci_width": 4.817760990051852
    },
    "train_mae": {
      "mean": 234.74997784660462,
      "std": 10.400754199741053,
      "lower_ci": 232.8062987608438,
      "upper_ci": 236.69365693236546,
      "ci_width": 3.8873581715216687
    },
    "train_mape": {
      "mean": 6.147915169684429,
      "std": 0.26799865135691825,
      "lower_ci": 6.097831938829159,
      "upper_ci": 6.1979984005397,
      "ci_width": 0.10016646171054155
    },
    "train_pi_coverage": {
      "mean": 95.37967914438505,
      "std": 0.7791843288508236,
      "lower_ci": 95.23406621527866,
      "upper_ci": 95.52529207349144,
      "ci_width": 0.29122585821278335
    },
    "test_rmse": {
      "mean": 1290.5247856511724,
      "std": 43.630088343618354,
      "lower_ci": 1282.3712528789529,
      "upper_ci": 1298.6783184233918,
      "ci_width": 16.307065544438956
    },
    "test_mae": {
      "mean": 1104.8048638083717,
      "std": 48.27417648657184,
      "lower_ci": 1095.783450032281,
      "upper_ci": 1113.8262775844623,
      "ci_width": 18.04282755218128
    },
    "test_mape": {
      "mean": 17.979267521304948,
      "std": 0.8274269080800267,
      "lower_ci": 17.824639083275816,
      "upper_ci": 18.13389595933408,
      "ci_width": 0.3092568760582637
    },
    "test_pi_coverage": {
      "mean": 61.575757575757564,
      "std": 2.652770265711795,
      "lower_ci": 61.08001140333858,
      "upper_ci": 62.071503748176546,
      "ci_width": 0.9914923448379653
    }
  }
}