{
  "num_seeds": 155,
  "trials_per_seed": 10,
  "timestamp": "2025-07-24T23:53:09.690828",
  "metrics": {
    "train_rmse": {
      "mean": 290.3566662673905,
      "std": 12.49460921564944,
      "lower_ci": 288.3896275880883,
      "upper_ci": 292.3237049466927,
      "ci_width": 3.9340773586044406
    },
    "train_mae": {
      "mean": 234.3004011070449,
      "std": 10.214926307500328,
      "lower_ci": 232.69225516135913,
      "upper_ci": 235.90854705273068,
      "ci_width": 3.2162918913715544
    },
    "train_mape": {
      "mean": 6.135920123821706,
      "std": 0.2634413713011016,
      "lower_ci": 6.094446288335228,
      "upper_ci": 6.177393959308184,
      "ci_width": 0.08294767097295619
    },
    "train_pi_coverage": {
      "mean": 95.42947501581277,
      "std": 0.7280815105684713,
      "lower_ci": 95.31485242392097,
      "upper_ci": 95.54409760770457,
      "ci_width": 0.22924518378360403
    },
    "test_rmse": {
      "mean": 1290.7144643892748,
      "std": 49.812650052537805,
      "lower_ci": 1282.8724096534481,
      "upper_ci": 1298.5565191251014,
      "ci_width": 15.6841094716533
    },
    "test_mae": {
      "mean": 1104.8752469298659,
      "std": 54.09976541745734,
      "lower_ci": 1096.358267384477,
      "upper_ci": 1113.3922264752548,
      "ci_width": 17.0339590907779
    },
    "test_mape": {
      "mean": 17.978656874064743,
      "std": 0.9274659949314151,
      "lower_ci": 17.832644985715117,
      "upper_ci": 18.12466876241437,
      "ci_width": 0.29202377669925283
    },
    "test_pi_coverage": {
      "mean": 61.66129032258065,
      "std": 2.6445602079534085,
      "lower_ci": 61.244954594987625,
      "upper_ci": 62.07762605017367,
      "ci_width": 0.8326714551860448
    }
  }
}