{
  "num_seeds": 35,
  "trials_per_seed": 10,
  "timestamp": "2025-07-24T21:42:57.842763",
  "metrics": {
    "train_rmse": {
      "mean": 287.54681199514954,
      "std": 10.877810524495846,
      "lower_ci": 283.9429882791615,
      "upper_ci": 291.15063571113757,
      "ci_width": 7.207647431976056
    },
    "train_mae": {
      "mean": 232.17345729795824,
      "std": 9.799091243968185,
      "lower_ci": 228.92701378429166,
      "upper_ci": 235.4199008116248,
      "ci_width": 6.492887027333154
    },
    "train_mape": {
      "mean": 6.079108175951759,
      "std": 0.25100144401400926,
      "lower_ci": 5.9959512801179935,
      "upper_ci": 6.162265071785524,
      "ci_width": 0.16631379166753035
    },
    "train_pi_coverage": {
      "mean": 95.46778711484595,
      "std": 0.6690867731914241,
      "lower_ci": 95.24611835385299,
      "upper_ci": 95.6894558758389,
      "ci_width": 0.44333752198591014
    },
    "test_rmse": {
      "mean": 1290.5534578957058,
      "std": 54.504753937106024,
      "lower_ci": 1272.4960074160983,
      "upper_ci": 1308.6109083753133,
      "ci_width": 36.11490095921499
    },
    "test_mae": {
      "mean": 1103.8978556605748,
      "std": 58.44637416846616,
      "lower_ci": 1084.5345445542166,
      "upper_ci": 1123.261166766933,
      "ci_width": 38.72662221271639
    },
    "test_mape": {
      "mean": 17.95911462343033,
      "std": 0.9950407552475002,
      "lower_ci": 17.629457155683458,
      "upper_ci": 18.288772091177204,
      "ci_width": 0.6593149354937466
    },
    "test_pi_coverage": {
      "mean": 61.999999999999986,
      "std": 2.6442510266734303,
      "lower_ci": 61.12395839774077,
      "upper_ci": 62.8760416022592,
      "ci_width": 1.7520832045184278
    }
  }
}