{
  "num_seeds": 20,
  "trials_per_seed": 10,
  "timestamp": "2025-07-24T21:27:02.843498",
  "metrics": {
    "train_rmse": {
      "mean": 286.9946776425882,
      "std": 7.5558862391922395,
      "lower_ci": 283.68316449141474,
      "upper_ci": 290.3061907937617,
      "ci_width": 6.623026302346943
    },
    "train_mae": {
      "mean": 231.6375261254404,
      "std": 6.4883919880786305,
      "lower_ci": 228.79386295763865,
      "upper_ci": 234.48118929324212,
      "ci_width": 5.687326335603473
    },
    "train_mape": {
      "mean": 6.068739196148426,
      "std": 0.1662677605488085,
      "lower_ci": 5.995869137197883,
      "upper_ci": 6.141609255098969,
      "ci_width": 0.1457401179010862
    },
    "train_pi_coverage": {
      "mean": 95.71568627450979,
      "std": 0.5692187594899949,
      "lower_ci": 95.4662151538134,
      "upper_ci": 95.96515739520619,
      "ci_width": 0.49894224139279686
    },
    "test_rmse": {
      "mean": 1294.8059804426741,
      "std": 64.93178245668773,
      "lower_ci": 1266.3483720658912,
      "upper_ci": 1323.263588819457,
      "ci_width": 56.9152167535658
    },
    "test_mae": {
      "mean": 1107.2008195495605,
      "std": 67.24590178575167,
      "lower_ci": 1077.7290036597224,
      "upper_ci": 1136.6726354393986,
      "ci_width": 58.94363177967625
    },
    "test_mape": {
      "mean": 18.008264566777466,
      "std": 1.138878234198049,
      "lower_ci": 17.50912917342416,
      "upper_ci": 18.507399960130773,
      "ci_width": 0.9982707867066125
    },
    "test_pi_coverage": {
      "mean": 61.666666666666664,
      "std": 2.9344694769431685,
      "lower_ci": 60.380578713911405,
      "upper_ci": 62.952754619421924,
      "ci_width": 2.5721759055105196
    }
  }
}