{
  "num_seeds": 180,
  "trials_per_seed": 10,
  "timestamp": "2025-07-25T00:20:41.582398",
  "metrics": {
    "train_rmse": {
      "mean": 291.1708889228614,
      "std": 13.771747472412605,
      "lower_ci": 289.1589774397328,
      "upper_ci": 293.18280040599006,
      "ci_width": 4.023822966257285
    },
    "train_mae": {
      "mean": 235.08749850528693,
      "std": 11.890187078026795,
      "lower_ci": 233.35046375593865,
      "upper_ci": 236.8245332546352,
      "ci_width": 3.474069498696565
    },
    "train_mape": {
      "mean": 6.155875489467968,
      "std": 0.30632506351512234,
      "lower_ci": 6.11112453000616,
      "upper_ci": 6.200626448929777,
      "ci_width": 0.08950191892361659
    },
    "train_pi_coverage": {
      "mean": 95.39651416122004,
      "std": 0.8550497452653624,
      "lower_ci": 95.2716001367223,
      "upper_ci": 95.52142818571778,
      "ci_width": 0.24982804899548228
    },
    "test_rmse": {
      "mean": 1291.2519439292873,
      "std": 49.00409811391671,
      "lower_ci": 1284.0929462847798,
      "upper_ci": 1298.4109415737948,
      "ci_width": 14.317995289015016
    },
    "test_mae": {
      "mean": 1105.5837999753599,
      "std": 53.55310088732646,
      "lower_ci": 1097.7602395413487,
      "upper_ci": 1113.407360409371,
      "ci_width": 15.647120868022284
    },
    "test_mape": {
      "mean": 17.99181759816438,
      "std": 0.9180751046303308,
      "lower_ci": 17.857696213127344,
      "upper_ci": 18.12593898320142,
      "ci_width": 0.2682427700740746
    },
    "test_pi_coverage": {
      "mean": 61.68981481481481,
      "std": 2.6909062616368344,
      "lower_ci": 61.296700925770956,
      "upper_ci": 62.08292870385866,
      "ci_width": 0.7862277780877065
    }
  }
}