{
  "num_seeds": 165,
  "trials_per_seed": 10,
  "timestamp": "2025-07-25T00:04:10.709264",
  "metrics": {
    "train_rmse": {
      "mean": 290.64793946858737,
      "std": 12.965238927098573,
      "lower_ci": 288.6696282047399,
      "upper_ci": 292.6262507324348,
      "ci_width": 3.95662252769489
    },
    "train_mae": {
      "mean": 234.52289044793275,
      "std": 10.740120353564983,
      "lower_ci": 232.88410066627083,
      "upper_ci": 236.16168022959468,
      "ci_width": 3.2775795633238545
    },
    "train_mape": {
      "mean": 6.1414597408287745,
      "std": 0.27704353703017764,
      "lower_ci": 6.09918683302008,
      "upper_ci": 6.183732648637469,
      "ci_width": 0.08454581561738905
    },
    "train_pi_coverage": {
      "mean": 95.43196672608435,
      "std": 0.720591527083881,
      "lower_ci": 95.32201469645507,
      "upper_ci": 95.54191875571364,
      "ci_width": 0.21990405925856749
    },
    "test_rmse": {
      "mean": 1290.182997155335,
      "std": 49.43796688131107,
      "lower_ci": 1282.6394657716908,
      "upper_ci": 1297.7265285389792,
      "ci_width": 15.087062767288444
    },
    "test_mae": {
      "mean": 1104.260826730439,
      "std": 53.83360301718928,
      "lower_ci": 1096.0465837210177,
      "upper_ci": 1112.4750697398604,
      "ci_width": 16.428486018842705
    },
    "test_mape": {
      "mean": 17.968580321592924,
      "std": 0.9223561998635836,
      "lower_ci": 17.827841869356934,
      "upper_ci": 18.109318773828914,
      "ci_width": 0.2814769044719796
    },
    "test_pi_coverage": {
      "mean": 61.72727272727273,
      "std": 2.6694487324253755,
      "lower_ci": 61.31995277541418,
      "upper_ci": 62.13459267913127,
      "ci_width": 0.8146399037170937
    }
  }
}