{
  "num_seeds": 160,
  "trials_per_seed": 10,
  "timestamp": "2025-07-24T23:58:40.469924",
  "metrics": {
    "train_rmse": {
      "mean": 290.1599380879038,
      "std": 12.422181659585851,
      "lower_ci": 288.23510109782336,
      "upper_ci": 292.08477507798426,
      "ci_width": 3.849673980160901
    },
    "train_mae": {
      "mean": 234.09476624572977,
      "std": 10.17563456400802,
      "lower_ci": 232.51803533459957,
      "upper_ci": 235.67149715685997,
      "ci_width": 3.1534618222603967
    },
    "train_mape": {
      "mean": 6.130525310851977,
      "std": 0.2624417545985147,
      "lower_ci": 6.089859539666525,
      "upper_ci": 6.171191082037428,
      "ci_width": 0.08133154237090245
    },
    "train_pi_coverage": {
      "mean": 95.43259803921566,
      "std": 0.7203036903182183,
      "lower_ci": 95.32098582606258,
      "upper_ci": 95.54421025236874,
      "ci_width": 0.22322442630616024
    },
    "test_rmse": {
      "mean": 1290.2007978052716,
      "std": 49.54198826681747,
      "lower_ci": 1282.524187191184,
      "upper_ci": 1297.8774084193592,
      "ci_width": 15.353221228175244
    },
    "test_mae": {
      "mean": 1104.2423427645365,
      "std": 54.016409107658355,
      "lower_ci": 1095.8724134581569,
      "upper_ci": 1112.612272070916,
      "ci_width": 16.739858612759235
    },
    "test_mape": {
      "mean": 17.96779230927814,
      "std": 0.9261283747992172,
      "lower_ci": 17.824287230844433,
      "upper_ci": 18.111297387711843,
      "ci_width": 0.28701015686741016
    },
    "test_pi_coverage": {
      "mean": 61.703125,
      "std": 2.6571230182991146,
      "lower_ci": 61.29139952270676,
      "upper_ci": 62.11485047729324,
      "ci_width": 0.8234509545864768
    }
  }
}