{
  "num_seeds": 55,
  "trials_per_seed": 10,
  "timestamp": "2025-07-24T22:04:22.464437",
  "metrics": {
    "train_rmse": {
      "mean": 289.25227779380276,
      "std": 11.900926783692642,
      "lower_ci": 286.1070253391085,
      "upper_ci": 292.39753024849705,
      "ci_width": 6.290504909388574
    },
    "train_mae": {
      "mean": 233.43652441667356,
      "std": 10.184506832999048,
      "lower_ci": 230.7448983190965,
      "upper_ci": 236.12815051425062,
      "ci_width": 5.383252195154114
    },
    "train_mape": {
      "mean": 6.113826229177298,
      "std": 0.2637610043872915,
      "lower_ci": 6.044117797087916,
      "upper_ci": 6.18353466126668,
      "ci_width": 0.13941686417876475
    },
    "train_pi_coverage": {
      "mean": 95.39037433155082,
      "std": 0.7707133899106832,
      "lower_ci": 95.18668530585208,
      "upper_ci": 95.59406335724955,
      "ci_width": 0.4073780513974725
    },
    "test_rmse": {
      "mean": 1292.4555204273447,
      "std": 48.955562769788436,
      "lower_ci": 1279.5172336223536,
      "upper_ci": 1305.3938072323358,
      "ci_width": 25.876573609982188
    },
    "test_mae": {
      "mean": 1106.730817519679,
      "std": 52.86884854493137,
      "lower_ci": 1092.7583027159867,
      "upper_ci": 1120.7033323233713,
      "ci_width": 27.94502960738464
    },
    "test_mape": {
      "mean": 18.01255734422365,
      "std": 0.9049653822338977,
      "lower_ci": 17.773387350019103,
      "upper_ci": 18.2517273384282,
      "ci_width": 0.47833998840909686
    },
    "test_pi_coverage": {
      "mean": 61.757575757575765,
      "std": 2.5950259689672324,
      "lower_ci": 61.071745826240196,
      "upper_ci": 62.443405688911334,
      "ci_width": 1.3716598626711374
    }
  }
}