{
  "num_seeds": 115,
  "trials_per_seed": 10,
  "timestamp": "2025-07-24T23:09:21.912477",
  "metrics": {
    "train_rmse": {
      "mean": 290.6912182836811,
      "std": 12.722963301379194,
      "lower_ci": 288.3658302907753,
      "upper_ci": 293.0166062765869,
      "ci_width": 4.650775985811606
    },
    "train_mae": {
      "mean": 234.51563590814794,
      "std": 10.280403017602211,
      "lower_ci": 232.63667696021372,
      "upper_ci": 236.39459485608216,
      "ci_width": 3.757917895868445
    },
    "train_mape": {
      "mean": 6.141839688730227,
      "std": 0.26503844366865004,
      "lower_ci": 6.093398362604676,
      "upper_ci": 6.190281014855778,
      "ci_width": 0.09688265225110193
    },
    "train_pi_coverage": {
      "mean": 95.38448422847401,
      "std": 0.768070050565327,
      "lower_ci": 95.24410334149137,
      "upper_ci": 95.52486511545665,
      "ci_width": 0.28076177396528124
    },
    "test_rmse": {
      "mean": 1290.804330611517,
      "std": 43.42595209095046,
      "lower_ci": 1282.8673284225808,
      "upper_ci": 1298.741332800453,
      "ci_width": 15.874004377872097
    },
    "test_mae": {
      "mean": 1105.0485159876728,
      "std": 48.00110929212471,
      "lower_ci": 1096.2753080053808,
      "upper_ci": 1113.8217239699648,
      "ci_width": 17.546415964583957
    },
    "test_mape": {
      "mean": 17.982817866109635,
      "std": 0.8222569737264662,
      "lower_ci": 17.832533184114258,
      "upper_ci": 18.13310254810501,
      "ci_width": 0.3005693639907534
    },
    "test_pi_coverage": {
      "mean": 61.572463768115945,
      "std": 2.6392732891961117,
      "lower_ci": 61.090081301758566,
      "upper_ci": 62.054846234473324,
      "ci_width": 0.9647649327147576
    }
  }
}