{
  "num_seeds": 125,
  "trials_per_seed": 10,
  "timestamp": "2025-07-24T23:20:16.391781",
  "metrics": {
    "train_rmse": {
      "mean": 290.4011773499654,
      "std": 12.41733525596529,
      "lower_ci": 288.2243225005967,
      "upper_ci": 292.5780321993341,
      "ci_width": 4.353709698737362
    },
    "train_mae": {
      "mean": 234.2838833083209,
      "std": 10.087179114417191,
      "lower_ci": 232.51552284135835,
      "upper_ci": 236.05224377528344,
      "ci_width": 3.5367209339250962
    },
    "train_mape": {
      "mean": 6.136055518292587,
      "std": 0.26011804816413564,
      "lower_ci": 6.090454813883613,
      "upper_ci": 6.1816562227015615,
      "ci_width": 0.09120140881794825
    },
    "train_pi_coverage": {
      "mean": 95.40862745098039,
      "std": 0.7629175670728815,
      "lower_ci": 95.27488210455002,
      "upper_ci": 95.54237279741076,
      "ci_width": 0.267490692860747
    },
    "test_rmse": {
      "mean": 1290.4501617342064,
      "std": 41.99571374603399,
      "lower_ci": 1283.0879885113457,
      "upper_ci": 1297.8123349570672,
      "ci_width": 14.724346445721494
    },
    "test_mae": {
      "mean": 1104.7417516194662,
      "std": 46.476716261020734,
      "lower_ci": 1096.5940240201062,
      "upper_ci": 1112.8894792188262,
      "ci_width": 16.295455198719992
    },
    "test_mape": {
      "mean": 17.977136382700472,
      "std": 0.7963828817828311,
      "lower_ci": 17.83752430793344,
      "upper_ci": 18.116748457467505,
      "ci_width": 0.27922414953406616
    },
    "test_pi_coverage": {
      "mean": 61.6,
      "std": 2.578974817851293,
      "lower_ci": 61.147885780409915,
      "upper_ci": 62.05211421959009,
      "ci_width": 0.9042284391801729
    }
  }
}