{
  "num_seeds": 80,
  "trials_per_seed": 10,
  "timestamp": "2025-07-24T22:31:19.594366",
  "metrics": {
    "train_rmse": {
      "mean": 290.2468513805319,
      "std": 13.168620795451158,
      "lower_ci": 287.3611501162144,
      "upper_ci": 293.1325526448494,
      "ci_width": 5.771402528635008
    },
    "train_mae": {
      "mean": 234.00335507542476,
      "std": 10.731370323712571,
      "lower_ci": 231.65173986894132,
      "upper_ci": 236.3549702819082,
      "ci_width": 4.703230412966889
    },
    "train_mape": {
      "mean": 6.128388475855951,
      "std": 0.2773097518106249,
      "lower_ci": 6.06762029718048,
      "upper_ci": 6.1891566545314225,
      "ci_width": 0.12153635735094248
    },
    "train_pi_coverage": {
      "mean": 95.37009803921568,
      "std": 0.7514523615455827,
      "lower_ci": 95.20542878011335,
      "upper_ci": 95.534767298318,
      "ci_width": 0.32933851820465065
    },
    "test_rmse": {
      "mean": 1289.419298893368,
      "std": 46.14179455881029,
      "lower_ci": 1279.3080323481097,
      "upper_ci": 1299.5305654386264,
      "ci_width": 20.222533090516663
    },
    "test_mae": {
      "mean": 1103.2322444025674,
      "std": 50.982521926999475,
      "lower_ci": 1092.0602067026393,
      "upper_ci": 1114.4042821024955,
      "ci_width": 22.344075399856138
    },
    "test_mape": {
      "mean": 17.952169212079003,
      "std": 0.8740533934491692,
      "lower_ci": 17.760633817314766,
      "upper_ci": 18.14370460684324,
      "ci_width": 0.3830707895284746
    },
    "test_pi_coverage": {
      "mean": 61.822916666666664,
      "std": 2.690949820695287,
      "lower_ci": 61.23323628780134,
      "upper_ci": 62.41259704553199,
      "ci_width": 1.1793607577306489
    }
  }
}