{
  "num_seeds": 30,
  "trials_per_seed": 10,
  "timestamp": "2025-07-24T21:37:39.105573",
  "metrics": {
    "train_rmse": {
      "mean": 286.2750715248313,
      "std": 9.316969360609711,
      "lower_ci": 282.94103685772285,
      "upper_ci": 289.6091061919397,
      "ci_width": 6.668069334216852
    },
    "train_mae": {
      "mean": 230.89219492793862,
      "std": 8.11463784874466,
      "lower_ci": 227.9884090667201,
      "upper_ci": 233.79598078915714,
      "ci_width": 5.8075717224370464
    },
    "train_mape": {
      "mean": 6.046249932759684,
      "std": 0.20519844622725267,
      "lower_ci": 5.972820611820748,
      "upper_ci": 6.11967925369862,
      "ci_width": 0.14685864187787168
    },
    "train_pi_coverage": {
      "mean": 95.47712418300654,
      "std": 0.7176458683038346,
      "lower_ci": 95.22031790716454,
      "upper_ci": 95.73393045884853,
      "ci_width": 0.5136125516839911
    },
    "test_rmse": {
      "mean": 1294.8049624702116,
      "std": 56.75053005666055,
      "lower_ci": 1274.4970461014384,
      "upper_ci": 1315.112878838985,
      "ci_width": 40.6158327375465
    },
    "test_mae": {
      "mean": 1108.9271382988823,
      "std": 60.219646004760484,
      "lower_ci": 1087.3778147313174,
      "upper_ci": 1130.4764618664472,
      "ci_width": 43.098647135129795
    },
    "test_mape": {
      "mean": 18.04425307135457,
      "std": 1.0249169059706735,
      "lower_ci": 17.677491266828458,
      "upper_ci": 18.411014875880685,
      "ci_width": 0.7335236090522272
    },
    "test_pi_coverage": {
      "mean": 61.75,
      "std": 2.690432293503392,
      "lower_ci": 60.787241168359785,
      "upper_ci": 62.712758831640215,
      "ci_width": 1.9255176632804307
    }
  }
}