{
  "num_seeds": 185,
  "trials_per_seed": 10,
  "timestamp": "2025-07-25T00:26:13.168512",
  "metrics": {
    "train_rmse": {
      "mean": 291.13770523450006,
      "std": 13.64811190293903,
      "lower_ci": 289.17098411323747,
      "upper_ci": 293.10442635576266,
      "ci_width": 3.9334422425251887
    },
    "train_mae": {
      "mean": 235.0645324583311,
      "std": 11.78666018679144,
      "lower_ci": 233.366050374995,
      "upper_ci": 236.76301454166716,
      "ci_width": 3.3969641666721486
    },
    "train_mape": {
      "mean": 6.155254916141296,
      "std": 0.3035823561563263,
      "lower_ci": 6.111508071439156,
      "upper_ci": 6.199001760843437,
      "ci_width": 0.08749368940428148
    },
    "train_pi_coverage": {
      "mean": 95.40116587175412,
      "std": 0.850891672293861,
      "lower_ci": 95.27855062389361,
      "upper_ci": 95.52378111961463,
      "ci_width": 0.2452304957210174
    },
    "test_rmse": {
      "mean": 1291.4235173767388,
      "std": 48.6943684052305,
      "lower_ci": 1284.4065582903697,
      "upper_ci": 1298.4404764631079,
      "ci_width": 14.03391817273814
    },
    "test_mae": {
      "mean": 1105.8092635915946,
      "std": 53.36042636262363,
      "lower_ci": 1098.1199159138143,
      "upper_ci": 1113.4986112693748,
      "ci_width": 15.378695355560467
    },
    "test_mape": {
      "mean": 17.9957265315775,
      "std": 0.9151210764807179,
      "lower_ci": 17.86385569388019,
      "upper_ci": 18.12759736927481,
      "ci_width": 0.2637416753946198
    },
    "test_pi_coverage": {
      "mean": 61.68468468468469,
      "std": 2.6915460419192994,
      "lower_ci": 61.29682733949736,
      "upper_ci": 62.07254202987202,
      "ci_width": 0.7757146903746559
    }
  }
}