{
  "num_seeds": 15,
  "trials_per_seed": 10,
  "timestamp": "2025-07-24T21:21:45.741021",
  "metrics": {
    "train_rmse": {
      "mean": 286.75191510599285,
      "std": 6.542377743052102,
      "lower_ci": 283.4410151536502,
      "upper_ci": 290.0628150583355,
      "ci_width": 6.621799904685304
    },
    "train_mae": {
      "mean": 231.74210340711807,
      "std": 6.0820269830706835,
      "lower_ci": 228.66417308281345,
      "upper_ci": 234.82003373142268,
      "ci_width": 6.155860648609234
    },
    "train_mape": {
      "mean": 6.0716864096203675,
      "std": 0.1565867873717603,
      "lower_ci": 5.992442561709379,
      "upper_ci": 6.150930257531356,
      "ci_width": 0.15848769582197697
    },
    "train_pi_coverage": {
      "mean": 95.73856209150327,
      "std": 0.5474612180750861,
      "lower_ci": 95.4615084892775,
      "upper_ci": 96.01561569372903,
      "ci_width": 0.5541072044515261
    },
    "test_rmse": {
      "mean": 1282.4683554398591,
      "std": 33.52447484677868,
      "lower_ci": 1265.5026303576612,
      "upper_ci": 1299.434080522057,
      "ci_width": 33.931450164395756
    },
    "test_mae": {
      "mean": 1094.5633584255643,
      "std": 41.85733821574786,
      "lower_ci": 1073.3806226456124,
      "upper_ci": 1115.746094205516,
      "ci_width": 42.36547155990365
    },
    "test_mape": {
      "mean": 17.79419638944746,
      "std": 0.7205695749533766,
      "lower_ci": 17.42953787153991,
      "upper_ci": 18.15885490735501,
      "ci_width": 0.7293170358151002
    },
    "test_pi_coverage": {
      "mean": 62.0,
      "std": 2.8835420605246616,
      "lower_ci": 60.54072637720925,
      "upper_ci": 63.45927362279075,
      "ci_width": 2.918547245581493
    }
  }
}