,RMSE,MAE,MAPE,PI Width,CI Coverage,PI Overlap
mean,1740.9197166475449,1556.8537424723304,17.332149713645535,0.0,0.0,0.0
std,419.7602808455174,336.7002485659276,3.750419741727151,0.0,0.0,0.0
