,RMSE,MAE,MAPE,PI Width,CI Coverage,PI Overlap
mean,2907.0533779878992,2776.5855594211157,30.930348594237177,0.0,0.0,0.0
std,129.37325348963665,129.74706952025852,1.4703520430793575,0.0,0.0,0.0
