,RMSE,MAE,MAPE,PI Width,CI Coverage,PI Overlap
mean,438.79567124570025,375.4281080457899,8.620226335296842,0.0,0.0,0.0
std,131.88247058368205,117.45273516700878,2.649263565139274,0.0,0.0,0.0
