True,Pred
3931,0.45988652
3727,0.45988652
4285,0.45988652
3934,0.45988652
4100,0.45988652
4112,0.45988652
4296,0.45988652
4371,-1660.4977
4252,-6420.074
4529,-13219.879
4560,-30377.297
4645,-71837.76
