True,Pred
3931,0.49306354
3727,0.49306354
4285,0.49306354
3934,0.49306354
4100,0.49306354
4112,0.49306354
4296,0.49306354
4371,0.49306354
4252,0.49306354
4529,-1343.572
4560,-247.31985
4645,-443.8763
