True,Pred
3931,0.4934836
3727,0.4934836
4285,0.4934836
3934,0.4934836
4100,0.4934836
4112,0.4934836
4296,0.4934836
4371,0.4934836
4252,0.4934836
4529,0.4934836
4560,0.4934836
4645,0.4934836
