True,Pred
3931,0.49962658
3727,0.49962658
4285,0.49962658
3934,0.49962658
4100,0.49962658
4112,0.49962658
4296,0.49962658
4371,0.49962658
4252,0.49962658
4529,0.49962658
4560,0.49962658
4645,0.49962658
