True,Pred
3931,0.49952748
3727,0.49952748
4285,0.49952748
3934,0.49952748
4100,0.49952748
4112,0.49952748
4296,0.49952748
4371,0.49952748
4252,0.49952748
4529,0.49952748
4560,0.49952748
4645,0.49952748
