,RMSE,MAE,MAPE,PI Width,CI Coverage,PI Overlap
mean,2794.912233906323,2662.09943101671,29.62548513791422,0.0,0.0,0.0
std,9.24397328397433,9.158939067836311,0.10338171205950356,0.0,0.0,0.0
