,RMSE,MAE,MAPE,PI Width,CI Coverage,PI Overlap
mean,672.4715857830327,584.4908757527669,13.451395682502383,0.0,0.0,0.0
std,477.47153603709165,422.03517716496395,9.643264858209148,0.0,0.0,0.0
