,RMSE,MAE,MAPE,PI Width,CI Coverage,PI Overlap
mean,3337.49485186977,3195.257481892904,35.64050263344147,0.0,0.0,0.0
std,373.6122957785899,369.9132089320894,4.1737670251692105,0.0,0.0,0.0
