,RMSE,MAE,MAPE,PI Width,CI Coverage,PI Overlap
mean,356.8204256767592,296.1217230902778,6.77230441523846,0.0,0.0,0.0
std,1.9088581435890934,1.4274236016527493,0.03144325883849735,0.0,0.0,0.0
