,RMSE,MAE,MAPE,PI_Width,CI_Coverage,PI_Overlap
mean,533.8252835302499,473.68664822048606,10.971244147455554,0.0,0.0,0.0
std,167.6783995292549,171.33501317601286,3.974217522491289,0.0,0.0,0.0
