True,Pred
3931,0.29985073
3727,0.29985073
4285,0.29985073
3934,799.8305
4100,0.29985073
4112,0.29985073
4296,0.29985073
4371,0.29985073
4252,237.91998
4529,0.29985073
4560,0.29985073
4645,0.29985073
