True,Pred
3931,0.29984874
3727,0.29984874
4285,0.29984874
3934,0.29984874
4100,0.29984874
4112,0.29984874
4296,0.29984874
4371,0.29984874
4252,0.29984874
4529,0.29984874
4560,0.29984874
4645,0.29984874
