True,Pred
3931,1584.0477
3727,1052.8202
4285,1021.1385
3934,775.6193
4100,545.4191
4112,332.78854
4296,251.95335
4371,200.6621
4252,143.67691
4529,100.67842
4560,72.35151
4645,54.88456
